date,pm25,pm10,o3,no2,so2,co
2021/5/1, 143, 52, 12, 6, 2, 
2021/5/2, 117, 45, 11, 7, 2, 
2021/5/3, 100, 55, 11, 7, 1, 
2021/5/4, 113, 58, 12, 7, 2, 
2021/5/5, 120, 51, 12, 6, 2, 
2021/5/6, 111, 47, 10, 7, 2, 2
2021/5/7, 102, 46, 11, 6, 2, 4
2021/5/8, 94, 38, 11, 6, 2, 4
2021/5/9, 82, 36, 11, 6, 2, 4
2021/5/10, 91, 40, 11, 6, 2, 4
2021/5/11, 104, 41, 11, 6, 2, 4
2021/5/12, 87, 27, 11, 6, 1, 4
2021/5/13, 66, 24, 13, 5, 2, 4
2021/5/14, 62, 26, 11, 4, , 3
2021/5/15, 54, , , , , 
2021/4/1, 115, 75, 13, 13, 2, 6
2021/4/2, 224, 92, 17, 11, 1, 6
2021/4/3, 525, 91, 15, 9, 2, 4
2021/4/4, 440, 100, 15, 10, 2, 6
2021/4/5, 169, 95, 20, 10, 2, 7
2021/4/6, 113, 90, 20, 11, 2, 7
2021/4/7, 118, 96, 19, 12, 2, 7
2021/4/8, 118, 89, 21, 12, 2, 8
2021/4/9, 120, 86, 21, 11, 2, 7
2021/4/10, 118, 59, 17, 9, 1, 5
2021/4/11, 118, 59, 12, 9, 2, 5
2021/4/12, 118, 52, 13, 9, 2, 4
2021/4/13, 118, 52, 12, 10, 2, 5
2021/4/14, 118, 45, 17, 10, 2, 5
2021/4/15, 110, 66, 19, 9, 2, 6
2021/4/16, 93, 91, 38, 11, 2, 9
2021/4/17, 111, 59, 37, 8, 2, 5
2021/4/18, 143, 91, 44, 10, 3, 6
2021/4/19, 134, 66, 48, 9, 2, 5
2021/4/20, 147, 75, 21, 10, 2, 6
2021/4/21, 151, 70, 13, 9, 2, 6
2021/4/22, 125, 52, 13, 7, 2, 5
2021/4/23, 97, 46, 11, 7, 2, 5
2021/4/24, 86, 61, 11, 7, 2, 6
2021/4/25, 103, 78, 12, 9, 2, 7
2021/4/26, 130, 82, 11, 10, 3, 7
2021/4/27, 128, 85, 13, 9, 3, 7
2021/4/28, 131, 76, 16, 8, 3, 5
2021/4/29, 140, 67, 13, 8, 2, 5
2021/4/30, 135, 67, 13, 7, 2, 3
2021/3/1, 97, 57, 21, 11, 2, 7
2021/3/2, 97, 86, 15, 12, 2, 6
2021/3/3, 142, 78, 18, 14, 2, 6
2021/3/4, 135, 67, 15, 15, 2, 6
2021/3/5, 118, 69, 12, 13, 2, 7
2021/3/6, 112, 66, 18, 14, 1, 6
2021/3/7, 125, 58, 16, 15, 2, 6
2021/3/8, 102, 57, 18, 15, 2, 6
2021/3/9, 102, 56, 15, 14, 3, 6
2021/3/10, 91, 54, 15, 12, 2, 5
2021/3/11, 94, 62, 16, 14, 2, 5
2021/3/12, 113, 67, 19, 14, 2, 6
2021/3/13, 110, 58, 17, 12, 2, 5
2021/3/14, 105, 62, 19, 13, 3, 15
2021/3/15, 117, 70, 17, 14, 2, 59
2021/3/16, 131, 73, 20, 17, 2, 45
2021/3/17, 138, 84, 20, 19, 2, 7
2021/3/18, 150, 83, 19, 21, 2, 8
2021/3/19, 141, 79, 21, 18, 2, 7
2021/3/20, 393, 77, 21, 16, 2, 6
2021/3/21, 161, 92, 15, 17, 3, 7
2021/3/22, 137, 85, 18, 14, 1, 7
2021/3/23, 160, 85, 14, 13, 1, 7
2021/3/24, 140, 89, 14, 12, 2, 7
2021/3/25, 104, 104, 18, 14, 2, 7
2021/3/26, 135, 97, 20, 12, 2, 7
2021/3/27, 150, 96, 18, 13, 2, 7
2021/3/28, 175, 97, 20, 15, 2, 8
2021/3/29, 108, 87, 16, 13, 2, 7
2021/3/30, 62, 140, 16, 15, 2, 9
2021/3/31, 139, 83, 13, 14, 2, 6
2021/2/1, 117, 70, 12, 11, 3, 6
2021/2/2, 110, 70, 13, 10, 3, 6
2021/2/3, 115, 70, 13, 11, 3, 6
2021/2/4, 104, 70, 14, 11, 2, 6
2021/2/5, 95, 70, 14, 13, 2, 7
2021/2/6, 121, 70, 14, 11, 2, 6
2021/2/7, 120, 70, 15, 12, 2, 7
2021/2/8, 137, 70, 15, 12, 3, 6
2021/2/9, 133, 70, 16, 13, 3, 7
2021/2/10, 139, 70, 14, 12, 2, 7
2021/2/11, 142, 70, 15, 12, 4, 6
2021/2/12, 129, 70, 15, 13, 4, 7
2021/2/13, 132, 70, 18, 12, 3, 7
2021/2/14, 129, 70, 16, 12, 5, 7
2021/2/15, 129, 70, 18, 12, 5, 7
2021/2/16, 139, 70, 18, 12, 1, 7
2021/2/17, 129, 70, 16, 10, 3, 6
2021/2/18, 141, 70, 14, 10, 3, 6
2021/2/19, 137, 63, 8, 10, 2, 6
2021/2/20, 95, 55, 10, 7, 2, 5
2021/2/21, 68, 55, 11, 8, 1, 6
2021/2/22, 75, 55, 11, 10, 2, 7
2021/2/23, 98, 53, 14, 11, 1, 7
2021/2/24, 106, 53, 20, 10, 2, 7
2021/2/25, 101, , , , , 
2021/2/27, 101, 57, 21, 9, 2, 6
2021/2/28, 85, 57, 18, 12, 2, 7
2021/1/4, 102, 46, 24, 10, 1, 6
2021/1/5, 96, 31, 19, 8, 2, 6
2021/1/6, 71, 24, 123, 8, 1, 7
2021/1/7, 70, 39, 57, 8, 1, 6
2021/1/8, 85, 39, 6, 10, 1, 7
2021/1/9, 83, 57, 6, 9, 1, 6
2021/1/10, 90, 59, 1, 11, 2, 7
2021/1/11, 112, 60, , 11, 1, 7
2021/1/12, 112, 57, 1, 10, 2, 7
2021/1/13, 104, 62, 1, 8, 2, 6
2021/1/14, 103, 69, 1, 8, 1, 6
2021/1/15, 119, 89, 1, 8, 1, 7
2021/1/16, 130, 91, 1, 7, 2, 6
2021/1/17, 118, 86, 2, 9, 1, 6
2021/1/18, 117, 90, 1, 10, 2, 7
2021/1/19, 115, 96, 2, 10, 1, 8
2021/1/20, 132, 94, 2, 10, 2, 8
2021/1/21, 130, 82, 1, 10, 3, 8
2021/1/22, 130, 102, 2, 9, 3, 7
2021/1/23, 146, 126, 1, 10, 2, 6
2021/1/24, 121, 103, 2, 10, 2, 7
2021/1/25, 127, 99, 2, 9, 2, 6
2021/1/26, 110, 98, 2, 10, 2, 6
2021/1/27, 130, 108, 2, 10, 2, 7
2021/1/28, 145, 76, 11, 9, 2, 6
2021/1/29, 148, 70, 12, 11, 2, 7
2021/1/30, 145, 70, 12, 10, 3, 6
2021/1/31, 133, 70, 11, 12, 2, 6
2020/10/1, 73, , , 4, , 6
2020/10/2, 69, , , 4, , 5
2020/10/3, 71, , , 4, 1, 4
2020/10/4, 59, , , 5, , 5
2020/10/5, 67, , , 5, 1, 7
2020/10/6, 79, , , 5, , 7
2020/10/7, 84, , , 5, , 9
2020/10/8, 89, , , 4, , 10
2020/10/9, 92, , , 4, 1, 7
2020/10/10, 64, , , 4, , 7
2020/10/11, 61, , , 4, , 7
2020/10/12, 68, , , 4, , 8
2020/10/13, 67, , , 4, , 5
2020/10/14, 66, , , 4, , 6
2020/10/15, 68, , , 4, , 8
2020/10/16, 97, , , 4, , 9
2020/10/17, 93, , , 4, , 9
2020/10/18, 88, , , 4, , 8
2020/10/19, 128, , , 4, , 8
2020/10/20, 81, , , 4, , 6
2020/10/21, 155, , , 4, 1, 8
2020/10/22, 76, , , 4, , 7
2020/10/23, 110, , , 4, 1, 7
2020/10/24, 75, , , 4, 1, 8
2020/10/25, 98, , , 5, 1, 9
2020/10/26, 83, , , 5, 1, 10
2020/10/27, 107, , , 5, 1, 10
2020/10/28, 103, , , 5, , 10
2020/10/29, 106, , , 6, 1, 11
2020/10/30, 105, , , 5, , 13
2020/10/31, 129, , , 4, 1, 9
2020/11/1, 119, , , 4, 1, 13
2020/11/2, 138, , , 3, 1, 12
2020/11/3, 115, , , 3, 1, 11
2020/11/4, 100, , , 3, , 11
2020/11/5, 126, , , 3, 1, 9
2020/11/6, 194, , , 3, , 8
2020/11/7, 66, , , 3, 1, 7
2020/11/8, 73, , , 4, 1, 10
2020/11/9, 91, , , 4, , 11
2020/11/10, 86, , , 4, 1, 11
2020/11/11, 91, , , 4, 1, 10
2020/11/12, 93, , , 4, , 11
2020/11/13, 74, , , 4, 1, 8
2020/11/14, 69, , , 3, 1, 7
2020/11/15, 73, , , 4, , 8
2020/11/16, 73, , , 5, 1, 9
2020/11/17, 74, , , 6, 1, 9
2020/11/18, 69, , , 6, 1, 10
2020/11/19, 79, , , 5, , 10
2020/11/20, 72, , , 7, 1, 10
2020/11/21, 69, , , 7, , 9
2020/11/22, 76, , , 8, 1, 11
2020/11/23, 91, , , 5, , 11
2020/11/24, 82, , , 5, , 10
2020/11/25, 67, , , 4, 1, 63
2020/11/26, 59, , , 5, 1, 14
2020/11/27, 58, , , 5, 1, 15
2020/11/28, 55, , , 4, , 13
2020/11/29, 47, 90, 10, 9, 1, 15
2020/11/30, 63, 135, 20, 7, 1, 14
2020/12/1, 87, 62, 26, 9, 1, 14
2020/12/2, 91, 51, 18, 10, 1, 13
2020/12/3, 153, , 12, 11, 1, 15
2020/12/4, 107, , 9, 10, 1, 15
2020/12/5, 58, , 13, 20, 1, 11
2020/12/6, 69, , , 24, 1, 12
2020/12/7, 64, , 11, 18, , 20
2020/12/8, 62, , 23, 16, , 35
2020/12/9, 64, , 34, 18, 1, 5
2020/12/10, 76, , 39, 19, , 6
2020/12/11, 88, , 49, 13, 1, 7
2020/12/12, 98, , 54, 9, , 5
2020/12/13, 93, , 49, 11, 1, 6
2020/12/14, 100, , 44, 11, 1, 6
2020/12/15, 100, , 37, 10, 1, 6
2020/12/16, 93, , 28, 9, 1, 6
2020/12/17, 89, 70, 35, 9, 1, 5
2020/12/18, 98, 78, 31, 8, , 6
2020/12/19, 101, 86, 36, 7, 1, 5
2020/12/20, 107, 80, 43, 8, 1, 6
2020/12/21, 106, 77, 47, 8, , 6
2020/12/22, 102, 78, 46, 8, , 6
2020/12/23, 104, 81, 40, 12, 5, 11
2020/12/24, 107, 82, 38, 12, , 7
2020/12/25, 137, 81, 36, 12, , 7
2020/12/26, 128, 82, 34, 11, 1, 7
2020/12/27, 136, 89, 31, 14, , 7
2020/12/28, 146, 90, 32, 13, 1, 8
2020/12/29, 143, 75, 37, 10, , 6
2020/12/30, 131, 60, 27, 9, , 7
2020/12/31, 102, 71, 34, 10, , 6
2021/1/1, 135, 72, 33, 10, 1, 7
2021/1/2, 131, 49, 33, 7, 1, 6
2021/1/3, 94, 48, 25, 9, 1, 6
2020/7/1, 80, , , 2, 1, 6
2020/7/2, 75, , , 1, 1, 6
2020/7/3, 62, , , 1, 1, 5
2020/7/4, 73, , , 1, 1, 4
2020/7/5, 74, , , 1, 1, 6
2020/7/6, 76, , , 1, 1, 6
2020/7/7, 69, , , 1, , 5
2020/7/8, 67, , , 2, 1, 5
2020/7/9, 68, , , 2, 1, 5
2020/7/10, 73, , , 2, , 5
2020/7/11, 71, , , 1, 1, 4
2020/7/12, 61, , , 2, 1, 5
2020/7/13, 73, , , 2, 1, 5
2020/7/14, 68, , , 2, , 5
2020/7/15, 65, , , 1, , 5
2020/7/16, 63, , , 1, , 5
2020/7/17, 66, , , 1, 1, 6
2020/7/18, 68, , , 1, , 6
2020/7/19, 67, , , 1, 1, 5
2020/7/20, 71, , , 1, , 5
2020/7/21, 60, , , 2, , 6
2020/7/22, 89, , , 2, 1, 6
2020/7/23, 79, , , 2, 1, 5
2020/7/24, 68, , , 1, 1, 5
2020/7/25, 74, , , 1, , 4
2020/7/26, 63, , , 1, , 4
2020/7/27, 71, , , 1, 1, 4
2020/7/28, 62, , , 3, , 7
2020/7/29, 79, , , 2, , 6
2020/7/30, 69, , , 2, , 6
2020/7/31, 67, , , 3, , 5
2020/8/1, 168, , , 52, , 4
2020/8/2, 55, , , 4, , 6
2020/8/3, 69, , , 2, , 5
2020/8/4, 72, , , 2, 1, 5
2020/8/5, 69, , , 2, , 5
2020/8/6, 71, , , 1, , 5
2020/8/7, 72, , , 1, , 5
2020/8/8, 71, , , 1, 1, 5
2020/8/9, 63, , , 1, , 5
2020/8/10, 74, , , 1, 1, 5
2020/8/11, 79, , , 1, , 5
2020/8/12, 80, , , 1, , 5
2020/8/13, 81, , , 1, , 6
2020/8/14, 83, , , 1, 1, 4
2020/8/15, 73, , , 1, 1, 5
2020/8/16, 76, , , 1, , 6
2020/8/17, 77, , , 1, , 5
2020/8/18, 74, , , 2, , 5
2020/8/19, 79, , , 1, 1, 6
2020/8/20, 78, , , 1, , 5
2020/8/21, 81, , , 1, 1, 4
2020/8/22, 88, , , 1, , 4
2020/8/23, 78, , , 1, , 5
2020/8/24, 86, , , 2, 1, 6
2020/8/25, 71, , , 2, , 5
2020/8/26, 90, , , 1, , 1
2020/8/27, 59, , , 3, , 4
2020/8/28, 80, , , 3, , 6
2020/8/29, 99, , , 2, 1, 9
2020/8/30, 116, , , 2, 1, 5
2020/8/31, 108, , , 2, , 5
2020/9/1, 183, , , 2, , 7
2020/9/2, 188, , , 2, 1, 9
2020/9/3, 70, , , 1, 1, 10
2020/9/4, 79, , , 1, , 10
2020/9/5, 97, , , 1, , 7
2020/9/6, 85, , , 2, , 5
2020/9/7, 64, , , 1, , 8
2020/9/8, 57, , , 2, , 7
2020/9/9, 74, , , 2, 1, 5
2020/9/10, 58, , , 2, , 5
2020/9/11, 73, , , 2, , 5
2020/9/12, 65, , , 2, , 5
2020/9/13, 61, , , 2, , 6
2020/9/14, 58, , , 2, 1, 5
2020/9/15, 66, , , 2, 1, 6
2020/9/16, 71, , , 2, 1, 6
2020/9/17, 61, , , 2, , 5
2020/9/18, 56, , , 2, 1, 5
2020/9/19, 58, , , 2, , 4
2020/9/20, 53, , , 2, 1, 5
2020/9/21, 56, , , 2, , 5
2020/9/22, 68, , , 2, 1, 5
2020/9/23, 67, , , 2, , 6
2020/9/24, 72, , , 2, 1, 6
2020/9/25, 71, , , 2, 1, 6
2020/9/26, 68, , , 2, 1, 5
2020/9/27, 59, , , , , 
2020/9/29, 66, , , 3, 1, 5
2020/9/30, 63, , , 4, 1, 5
2020/4/1, 95, , , 2, 1, 6
2020/4/2, 102, , , 2, 1, 7
2020/4/3, 122, , , 2, 1, 6
2020/4/4, 123, , , 2, 1, 6
2020/4/5, 116, , , 2, 1, 7
2020/4/6, 97, , , 2, 1, 6
2020/4/7, 72, , , 2, 1, 7
2020/4/8, 76, , , 2, 1, 7
2020/4/9, 89, , , 2, 1, 8
2020/4/10, 100, , , 2, 1, 8
2020/4/11, 118, , , 2, 2, 6
2020/4/12, 100, , , 2, 1, 6
2020/4/13, 101, , , 3, 1, 6
2020/4/14, 115, , , 2, 1, 7
2020/4/15, 123, , , 2, 1, 6
2020/4/16, 100, , , 2, 1, 8
2020/4/17, 114, , , 2, 1, 7
2020/4/18, 105, , , 2, , 7
2020/4/19, 101, , , 2, 1, 8
2020/4/20, 111, , , 2, 1, 7
2020/4/21, 92, , , 2, 1, 7
2020/4/22, 100, , , 2, 1, 10
2020/4/23, 124, , , 3, 1, 7
2020/4/24, 89, , , 2, 1, 8
2020/4/25, 98, , , 2, 1, 8
2020/4/26, 87, , , 2, 1, 8
2020/4/27, 92, , , 1, 1, 7
2020/4/28, 98, , , 2, , 7
2020/4/29, 66, , , 3, 1, 8
2020/4/30, 95, , , 1, 1, 7
2020/5/1, 104, , , 2, 1, 16
2020/5/2, 81, , , , , 
2020/5/6, 124, , , 8, 1, 13
2020/5/7, 130, , , , , 
2020/5/11, 113, , , 3, 1, 8
2020/5/12, 86, , , 2, 1, 8
2020/5/13, 84, , , 2, 1, 8
2020/5/14, 97, , , 3, 1, 9
2020/5/15, 87, , , 3, 1, 9
2020/5/16, 96, , , 2, 1, 7
2020/5/17, 92, , , 2, 1, 7
2020/5/18, 88, , , 2, 1, 7
2020/5/19, 130, , , 2, 1, 5
2020/5/20, 97, , , 2, 1, 7
2020/5/21, 103, , , 2, 1, 6
2020/5/22, 89, , , 2, 1, 6
2020/5/23, 89, , , 2, 1, 6
2020/5/24, 97, , , 2, 1, 8
2020/5/25, 87, , , 2, 1, 7
2020/5/26, 92, , , 2, 1, 9
2020/5/27, 88, , , 2, 1, 6
2020/5/28, 85, , , 3, 1, 7
2020/5/29, 102, , , 4, 1, 9
2020/5/30, 72, , , 3, 1, 7
2020/5/31, 93, , , 2, 1, 6
2020/6/1, 63, , , 2, 1, 5
2020/6/2, 62, , , 2, 1, 5
2020/6/3, 60, , , 2, 1, 6
2020/6/4, 71, , , 2, 2, 6
2020/6/5, 72, , , 3, 1, 6
2020/6/6, 86, , , 2, 1, 5
2020/6/7, 78, , , 2, 1, 5
2020/6/8, 85, , , 2, 1, 6
2020/6/9, 93, , , 2, 1, 6
2020/6/10, 93, , , 2, 1, 6
2020/6/11, 71, , , 2, 1, 5
2020/6/12, 74, , , 2, 1, 6
2020/6/13, 80, , , 2, 1, 4
2020/6/14, 75, , , 2, 1, 8
2020/6/15, 102, , , 2, 2, 5
2020/6/16, 92, , , 2, 2, 6
2020/6/17, 96, , , 2, 1, 5
2020/6/18, 107, , , 2, 1, 6
2020/6/19, 92, , , 2, 1, 6
2020/6/20, 89, , , 2, 1, 5
2020/6/21, 79, , , 2, 1, 4
2020/6/22, 75, , , 2, 1, 6
2020/6/23, 97, , , 2, 1, 6
2020/6/24, 89, , , 2, 1, 7
2020/6/25, 76, , , 3, 1, 7
2020/6/26, 72, , , 3, 1, 7
2020/6/27, 82, , , 1, 1, 6
2020/6/28, 76, , , 2, 1, 6
2020/6/29, 87, , , 2, 1, 6
2020/6/30, 66, , , 2, 1, 6
2020/1/1, 101, , , 14, 1, 10
2020/1/2, 94, , , 13, 1, 10
2020/1/3, 99, , , 17, 1, 12
2020/1/4, 138, , , 13, 1, 10
2020/1/5, 134, , , 13, , 10
2020/1/6, 94, , , 13, 1, 10
2020/1/7, 88, , , 14, 1, 10
2020/1/8, 109, , , 17, 1, 11
2020/1/9, 129, , , 15, 1, 9
2020/1/10, 117, , , 14, 1, 8
2020/1/11, 108, , , 17, 1, 10
2020/1/12, 123, , , 18, 1, 12
2020/1/13, 142, , , 18, 1, 12
2020/1/14, 151, , , 15, 1, 9
2020/1/15, 126, , , 18, 1, 10
2020/1/16, 129, , , 19, 1, 10
2020/1/17, 122, , , 13, 1, 8
2020/1/18, 96, , , 12, 1, 8
2020/1/19, 81, , , 15, 1, 9
2020/1/20, 114, , , 14, 1, 8
2020/1/21, 114, , , 14, 1, 9
2020/1/22, 104, , , 13, 1, 8
2020/1/23, 111, , , 17, 1, 9
2020/1/24, 115, , , 19, 1, 10
2020/1/25, 118, , , 18, 1, 8
2020/1/26, 110, , , 18, 1, 10
2020/1/27, 129, , , 15, 1, 9
2020/1/28, 143, , , 17, 1, 10
2020/1/29, 138, , , 20, 1, 11
2020/1/30, 129, , , 15, 1, 9
2020/1/31, 135, , , 13, 1, 9
2020/2/1, 144, , , 11, 1, 7
2020/2/2, 111, , , 13, 1, 8
2020/2/3, 121, , , 13, 1, 8
2020/2/4, 104, , , 13, 1, 9
2020/2/5, 108, , , 13, 1, 8
2020/2/6, 124, , , 12, 1, 9
2020/2/7, 137, , , 13, 1, 8
2020/2/8, 135, , , 10, 1, 7
2020/2/9, 117, , , 10, 1, 8
2020/2/10, 103, , , 10, 1, 7
2020/2/11, 109, , , 11, 1, 8
2020/2/12, 112, , , 11, 1, 8
2020/2/13, 116, , , 12, 1, 10
2020/2/14, 127, , , 21, 1, 12
2020/2/15, 140, , , 12, 1, 8
2020/2/16, 112, , , 14, 1, 9
2020/2/17, 123, , , 13, 1, 9
2020/2/18, 129, , , 12, 1, 9
2020/2/19, 132, , , 13, 1, 8
2020/2/20, 130, , , 10, 1, 7
2020/2/21, 111, , , 9, 1, 7
2020/2/22, 112, , , 7, 1, 8
2020/2/23, 113, , , 9, 1, 9
2020/2/24, 108, , , 11, 1, 11
2020/2/25, 123, , , 9, 1, 9
2020/2/26, 120, , , 9, 1, 10
2020/2/27, 122, , , 8, 1, 9
2020/2/28, 133, , , 9, 1, 9
2020/2/29, 130, , , 7, 1, 8
2020/3/1, 118, , , 10, 1, 11
2020/3/2, 142, , , 13, 1, 13
2020/3/3, 164, , , 11, 1, 10
2020/3/4, 138, , , 6, 1, 8
2020/3/5, 146, , , 6, 1, 8
2020/3/6, 129, , , 6, 1, 9
2020/3/7, 134, , , 5, 1, 8
2020/3/8, 120, , , 5, 1, 8
2020/3/9, 125, , , 5, 1, 8
2020/3/10, 135, , , 6, 1, 9
2020/3/11, 116, , , 7, 1, 9
2020/3/12, 113, , , 7, 1, 8
2020/3/13, 110, , , 7, 1, 8
2020/3/14, 115, , , 5, 1, 7
2020/3/15, 109, , , 5, 1, 8
2020/3/16, 107, , , 5, 1, 7
2020/3/17, 94, , , 7, 1, 7
2020/3/18, 97, , , 7, 1, 9
2020/3/19, 117, , , 6, 1, 9
2020/3/20, 135, , , 7, 1, 10
2020/3/21, 113, , , 3, 1, 7
2020/3/22, 99, , , 7, 1, 11
2020/3/23, 128, , , 3, 1, 8
2020/3/24, 135, , , 2, 1, 6
2020/3/25, 100, , , 2, 1, 6
2020/3/26, 99, , , 2, 1, 6
2020/3/27, 98, , , 2, 1, 6
2020/3/28, 90, , , 2, 1, 6
2020/3/29, 107, , , , , 
2019/10/1, 71, , , 16, 1, 7
2019/10/2, 57, , , 13, 1, 10
2019/10/3, 80, , , , , 
2019/10/5, 92, , , 13, 1, 8
2019/10/6, 67, , , 12, 1, 11
2019/10/7, 71, , , 11, 1, 7
2019/10/8, 76, , , 15, 1, 10
2019/10/9, 65, , , 17, 1, 11
2019/10/10, 223, , , 19, 2, 10
2019/10/11, 91, , , 14, 2, 7
2019/10/12, 83, , , 12, 2, 3
2019/10/13, 63, , , 16, 1, 6
2019/10/14, 65, , , 12, 1, 5
2019/10/15, 72, , , 10, 1, 7
2019/10/16, 64, , , 12, 1, 9
2019/10/17, 60, , , 11, 2, 9
2019/10/18, 62, , , 11, 2, 6
2019/10/19, 57, , , 11, 2, 7
2019/10/20, 63, , , 12, 1, 9
2019/10/21, 79, , , 10, 1, 7
2019/10/22, 62, , , 12, 1, 8
2019/10/23, 53, , , 11, 2, 4
2019/10/24, 53, , , 12, 2, 5
2019/10/25, 60, , , 11, 2, 7
2019/10/26, 58, , , 11, 2, 11
2019/10/27, 66, , , 9, 3, 11
2019/10/28, 84, , , 8, 3, 11
2019/10/29, 76, , , 9, 2, 11
2019/10/30, 65, , , 10, 2, 10
2019/10/31, 60, , , 11, 2, 8
2019/11/1, 68, , , 13, 2, 12
2019/11/2, 72, , , 12, 2, 9
2019/11/3, 69, , , 18, 2, 12
2019/11/4, 90, , , 21, 1, 14
2019/11/5, 105, , , 18, 1, 13
2019/11/6, 112, , , 18, 2, 13
2019/11/7, 122, , , 15, 2, 12
2019/11/8, 104, , , 13, 1, 10
2019/11/9, 88, , , 11, 1, 11
2019/11/10, 96, , , 13, 2, 11
2019/11/11, 111, , , 13, 3, 10
2019/11/12, 80, , , 14, 3, 9
2019/11/13, 86, , , 13, 3, 9
2019/11/14, 72, , , 14, 3, 11
2019/11/15, 72, , , 12, 3, 11
2019/11/16, 70, , , 10, 3, 8
2019/11/17, 76, , , 12, 3, 10
2019/11/18, 81, , , 12, 3, 10
2019/11/19, 75, , , 11, 3, 10
2019/11/20, 70, , , 13, 3, 11
2019/11/21, 94, , , 12, 3, 10
2019/11/22, 95, , , 13, 3, 9
2019/11/23, 79, , , 12, 3, 10
2019/11/24, 50, , , 13, 3, 10
2019/11/25, 49, , , 13, 3, 9
2019/11/26, 50, , , 14, 2, 10
2019/11/27, 68, , , 15, 2, 10
2019/11/28, 68, , , 14, 2, 9
2019/11/29, 78, , , 13, 1, 9
2019/11/30, 88, , , 10, 1, 10
2019/12/1, 64, , , 11, 1, 9
2019/12/2, 68, , , 12, 1, 9
2019/12/3, 90, , , 12, 1, 8
2019/12/4, 116, , , 13, 2, 8
2019/12/5, 137, , , 14, 2, 10
2019/12/6, 148, , , 15, 2, 11
2019/12/7, 125, , , 13, 1, 9
2019/12/8, 90, , , 14, 2, 10
2019/12/9, 91, , , 14, 1, 8
2019/12/10, 83, , , 17, 1, 10
2019/12/11, 96, , , 15, 2, 9
2019/12/12, 94, , , 15, 2, 9
2019/12/13, 105, , , 13, 2, 9
2019/12/14, 90, , , 13, 5, 8
2019/12/15, 81, , , 13, 6, 9
2019/12/16, 89, , , 13, 6, 8
2019/12/17, 90, , , 14, 6, 10
2019/12/18, 125, , , 14, 3, 10
2019/12/19, 108, , , 16, , 10
2019/12/20, 122, , , 14, 1, 10
2019/12/21, 132, , , 12, 1, 8
2019/12/22, 129, , , 14, 1, 9
2019/12/23, 130, , , 14, 1, 10
2019/12/24, 115, , , 13, 1, 11
2019/12/25, 111, , , 14, 1, 11
2019/12/26, 128, , , 14, 1, 10
2019/12/27, 124, , , 13, 1, 8
2019/12/28, 116, , , 13, 1, 8
2019/12/29, 109, , , , , 
2019/7/1, 91, , , 13, 1, 8
2019/7/2, 94, , , 12, 1, 7
2019/7/3, 86, , , 13, 2, 10
2019/7/4, 104, , , 12, 2, 7
2019/7/5, 91, , , 12, 2, 6
2019/7/6, 76, , , , , 
2019/7/9, 82, , , 13, 3, 6
2019/7/10, 76, , , 14, 3, 6
2019/7/11, 81, , , 14, 5, 6
2019/7/12, 93, , , 13, 5, 4
2019/7/13, 87, , , 12, 5, 5
2019/7/14, 75, , , 13, 3, 5
2019/7/15, 72, , , 13, 3, 6
2019/7/16, 88, , , 13, 2, 5
2019/7/17, 101, , , 13, 2, 4
2019/7/18, 99, , , 12, 2, 5
2019/7/19, 80, , , 13, 2, 5
2019/7/20, 68, , , 13, 2, 6
2019/7/21, 75, , , 12, 1, 5
2019/7/22, 72, , , 13, , 8
2019/7/23, 84, , , 14, , 7
2019/7/24, 91, , , 13, 1, 8
2019/7/25, 82, , , 13, 1, 7
2019/7/26, 91, , , 12, 1, 7
2019/7/27, 91, , , 12, 1, 6
2019/7/28, 91, , , 12, 1, 7
2019/7/29, 84, , , 13, 1, 6
2019/7/30, 84, , , 12, 1, 6
2019/7/31, 81, , , 11, 1, 4
2019/8/1, 71, , , 12, 1, 6
2019/8/2, 68, , , 12, 1, 7
2019/8/3, 68, , , , , 
2019/8/14, 71, , , 10, 1, 6
2019/8/15, 60, , , 12, 1, 7
2019/8/16, 66, , , 13, 1, 7
2019/8/17, 65, , , 12, 1, 8
2019/8/18, 71, , , 16, 1, 5
2019/8/19, 70, , , 18, 2, 7
2019/8/20, 64, , , 17, 2, 6
2019/8/21, 68, , , 16, 2, 6
2019/8/22, 70, , , 15, 2, 5
2019/8/23, 68, , , 14, 2, 6
2019/8/24, 64, , , 13, 2, 5
2019/8/25, 59, , , 12, 2, 10
2019/8/26, 60, , , , , 
2019/9/5, 89, , , 11, 1, 8
2019/9/6, 58, , , 11, 1, 11
2019/9/7, 53, , , , , 
2019/9/9, 49, , , 14, , 9
2019/9/10, 80, , , , , 
2019/9/16, 111, , , 13, 1, 11
2019/9/17, 60, , , 13, 1, 10
2019/9/18, 65, , , 12, , 10
2019/9/19, 69, , , 13, , 9
2019/9/20, 60, , , 13, , 12
2019/9/21, 83, , , 13, , 11
2019/9/22, 59, , , 14, , 12
2019/9/23, 73, , , 13, , 13
2019/9/24, 67, , , 12, , 9
2019/9/25, 53, , , 13, 1, 11
2019/9/26, 59, , , 14, 2, 11
2019/9/27, 70, , , 13, 2, 11
2019/9/28, 69, , , 14, 2, 11
2019/9/29, 75, , , 14, 2, 12
2019/9/30, 69, , , 15, 1, 9
2019/4/1, 154, , , 10, 1, 7
2019/4/2, 152, , , 9, 1, 6
2019/4/3, 158, , , 9, 1, 7
2019/4/4, 221, , , 8, 1, 7
2019/4/5, 131, , , 8, 1, 7
2019/4/6, 136, , , 8, 1, 7
2019/4/7, 159, , , 8, 1, 7
2019/4/8, 179, , , 7, 1, 5
2019/4/9, 141, , , 8, 1, 7
2019/4/10, 145, , , 8, 1, 7
2019/4/11, 146, , , 8, 1, 6
2019/4/12, 144, , , 8, 1, 6
2019/4/13, 143, , , 7, 1, 6
2019/4/14, 133, , , 8, 1, 6
2019/4/15, 143, , , 8, 1, 6
2019/4/16, 129, , , 8, 1, 6
2019/4/17, 220, , , 7, 1, 6
2019/4/18, 324, , , 8, 1, 7
2019/4/19, 145, , , 7, 1, 7
2019/4/20, 92, , , 7, 1, 5
2019/4/21, 75, , , 8, 1, 7
2019/4/22, 108, , , 8, 1, 6
2019/4/23, 92, , , 9, 1, 7
2019/4/24, 117, , , 9, 1, 7
2019/4/25, 127, , , 9, 1, 7
2019/4/26, 131, , , 9, 1, 7
2019/4/27, 138, , , 9, 1, 8
2019/4/28, 135, , , 8, 1, 7
2019/4/29, 124, , , 8, 1, 6
2019/4/30, 128, , , 6, 1, 6
2019/5/1, 85, , , 7, 1, 7
2019/5/2, 109, , , 7, 1, 6
2019/5/3, 121, , , 7, 1, 7
2019/5/4, 134, , , 7, 1, 7
2019/5/5, 131, , , 7, 1, 8
2019/5/6, 118, , , 7, 1, 7
2019/5/7, 107, , , , , 
2019/5/9, 70, , , 9, 1, 7
2019/5/10, 105, , , 7, 1, 8
2019/5/11, 117, , , 6, 1, 6
2019/5/12, 86, , , 7, 1, 7
2019/5/13, 86, , , 6, 1, 7
2019/5/14, 95, , , 6, 1, 7
2019/5/15, 104, , , 6, 1, 9
2019/5/16, 97, , , 7, 1, 9
2019/5/17, 117, , , 7, 1, 10
2019/5/18, 130, , , 7, 1, 10
2019/5/19, 107, , , 8, 1, 8
2019/5/20, 126, , , 8, 1, 6
2019/5/21, 114, , , 8, 1, 6
2019/5/22, 103, , , 8, 1, 7
2019/5/23, 95, , , 8, 1, 7
2019/5/24, 90, , , 7, 1, 7
2019/5/25, 79, , , 8, 1, 6
2019/5/26, 74, , , 9, 1, 7
2019/5/27, 83, , , 8, , 8
2019/5/28, 100, , , 9, , 6
2019/5/29, 77, , , 8, , 7
2019/5/30, 93, , , 8, , 6
2019/5/31, 100, , , 8, , 10
2019/6/1, 98, , , 7, , 18
2019/6/2, 176, , , 8, , 7
2019/6/11, 74, , , 16, 5, 6
2019/6/12, 77, , , 14, 10, 9
2019/6/13, 80, , , 13, 16, 7
2019/6/14, 86, , , 13, 15, 7
2019/6/15, 99, , , 13, 14, 6
2019/6/16, 85, , , 15, 14, 8
2019/6/17, 103, , , 16, 9, 8
2019/6/18, 116, , , 12, , 8
2019/6/19, 108, , , 11, , 7
2019/6/20, 95, , , 12, , 10
2019/6/21, 102, , , 12, 1, 9
2019/6/22, 77, , , 12, , 8
2019/6/23, 76, , , 11, 1, 9
2019/6/24, 89, , , 13, 2, 8
2019/6/25, 113, , , 12, 2, 8
2019/6/26, 100, , , 12, 2, 8
2019/6/27, 100, , , 12, 2, 10
2019/6/28, 110, , , 12, 1, 6
2019/6/29, 109, , , 12, 1, 8
2019/6/30, 86, , , 12, 1, 8
2019/1/1, 150, , , 23, 14, 6
2019/1/2, 128, , , 43, 19, 7
2019/1/3, 130, , , 33, 7, 10
2019/1/4, 131, , , 14, 7, 8
2019/1/5, 93, , , 16, 7, 9
2019/1/6, 115, , , 25, 9, 8
2019/1/7, 131, , , 27, 11, 7
2019/1/8, 130, , , 30, 5, 7
2019/1/9, 130, , , 31, 2, 8
2019/1/10, 149, , , 34, 1, 8
2019/1/11, 151, , , 33, , 7
2019/1/12, 155, , , 33, 1, 7
2019/1/13, 136, , , 34, 1, 7
2019/1/14, 147, , , 32, 1, 5
2019/1/15, 129, , , 35, 1, 7
2019/1/16, 151, , , 28, 2, 6
2019/1/17, 149, , , 10, 6, 8
2019/1/18, 135, , , 12, 7, 6
2019/1/19, 121, , , 10, 4, 6
2019/1/20, 89, , , 12, 4, 8
2019/1/21, 104, , , 12, 2, 10
2019/1/22, 129, , , 11, 2, 9
2019/1/23, 110, , , 10, 1, 7
2019/1/24, 101, , , 9, 2, 8
2019/1/25, 83, , , 8, 2, 8
2019/1/26, 93, , , 7, 2, 7
2019/1/27, 83, , , 7, 2, 7
2019/1/28, 81, , , 8, 2, 7
2019/1/29, 74, , , 8, 1, 7
2019/1/30, 92, , , 9, 2, 14
2019/1/31, 84, , , 10, 1, 8
2019/2/1, 112, , , 10, 2, 8
2019/2/2, 103, , , 9, 1, 7
2019/2/3, 83, , , 9, 1, 6
2019/2/4, 91, , , 8, 2, 8
2019/2/5, 95, , , 9, 2, 7
2019/2/6, 111, , , 10, 2, 8
2019/2/7, 116, , , 9, 1, 7
2019/2/8, 110, , , 10, 1, 8
2019/2/9, 129, , , 8, 1, 7
2019/2/10, 102, , , 8, 1, 6
2019/2/11, 88, , , 9, 1, 6
2019/2/12, 100, , , 10, 1, 6
2019/2/13, 108, , , 10, 1, 7
2019/2/14, 101, , , 9, 1, 7
2019/2/15, 112, , , 9, 1, 6
2019/2/16, 115, , , 9, 1, 10
2019/2/17, 104, , , 10, 1, 7
2019/2/18, 115, , , 9, 2, 7
2019/2/19, 130, , , 8, 1, 6
2019/2/20, 113, , , 8, 1, 5
2019/2/21, 107, , , 11, 1, 6
2019/2/22, 116, , , 10, 1, 6
2019/2/23, 136, , , 11, 1, 6
2019/2/24, 134, , , 12, 1, 5
2019/2/25, 123, , , 12, 1, 5
2019/2/26, 142, , , 10, 1, 4
2019/2/27, 143, , , 11, 1, 4
2019/2/28, 144, , , 12, 1, 3
2019/3/1, 157, , , 8, 1, 3
2019/3/2, 133, , , 9, 1, 4
2019/3/3, 107, , , 8, 1, 3
2019/3/4, 133, , , 9, 1, 3
2019/3/5, 141, , , 9, 1, 6
2019/3/6, 149, , , 13, 1, 8
2019/3/7, 170, , , 13, 1, 8
2019/3/8, 162, , , 11, 1, 8
2019/3/9, 153, , , 8, 1, 7
2019/3/10, 120, , , 9, 1, 6
2019/3/11, 124, , , 9, 1, 7
2019/3/12, 150, , , 11, 1, 7
2019/3/13, 150, , , 11, 1, 6
2019/3/14, 141, , , 11, 1, 6
2019/3/15, 140, , , 11, 1, 6
2019/3/16, 143, , , 12, 1, 7
2019/3/17, 146, , , 11, 1, 7
2019/3/18, 136, , , 10, 1, 7
2019/3/19, 130, , , 9, 1, 7
2019/3/20, 127, , , 9, 1, 7
2019/3/21, 145, , , 10, 1, 7
2019/3/22, 137, , , 10, 1, 7
2019/3/23, 144, , , 9, 1, 7
2019/3/24, 145, , , 9, 1, 7
2019/3/25, 147, , , 9, 1, 7
2019/3/26, 152, , , 10, 1, 7
2019/3/27, 173, , , 11, 1, 7
2019/3/28, 170, , , 10, 1, 7
2019/3/29, 154, , , 12, 1, 8
2019/3/30, 161, , , 10, 1, 8
2019/3/31, 147, , , 10, 1, 6
2018/10/1, 95, , , 6, 3, 2
2018/10/2, 73, , , 7, 4, 3
2018/10/3, 77, , , 7, 3, 3
2018/10/4, 83, , , 6, 4, 2
2018/10/5, 69, , , 7, 5, 3
2018/10/6, 75, , , 7, 3, 3
2018/10/7, 77, , , 8, 4, 2
2018/10/8, 112, , , 8, 4, 2
2018/10/9, 107, , , 9, 4, 2
2018/10/10, 130, , , 11, 4, 3
2018/10/11, 135, , , 11, 4, 2
2018/10/12, 150, , , 12, 4, 2
2018/10/13, 148, , , 7, 3, 3
2018/10/14, 137, , , 8, 3, 2
2018/10/15, 117, , , 7, 3, 3
2018/10/16, 122, , , 6, 3, 3
2018/10/17, 99, , , 7, 4, 2
2018/10/18, 309, , , 6, 4, 2
2018/10/19, 77, , , 6, 4, 2
2018/10/20, 90, , , 7, 4, 3
2018/10/21, 117, , , 10, 4, 2
2018/10/22, 116, , , 11, 3, 3
2018/10/23, 132, , , 14, 3, 2
2018/10/24, 124, , , 15, 6, 5
2018/10/25, 116, , , 24, 9, 6
2018/10/26, 128, , , 21, 7, 5
2018/10/27, 91, , , 28, 1, 2
2018/10/28, 98, , , 31, 1, 4
2018/10/29, 92, , , 26, 2, 5
2018/10/30, 103, , , 16, 2, 6
2018/10/31, 100, , , 13, 2, 4
2018/11/1, 61, , , 10, 3, 5
2018/11/2, 50, , , 9, 4, 5
2018/11/3, 67, , , 10, 2, 5
2018/11/4, 61, , , 12, 2, 5
2018/11/5, 69, , , 15, 3, 5
2018/11/6, 83, , , 16, 3, 4
2018/11/7, 86, , , 17, 9, 5
2018/11/8, 103, , , 17, 3, 5
2018/11/9, 79, , , 20, 3, 5
2018/11/10, 102, , , 20, 3, 5
2018/11/11, 107, , , 23, 3, 6
2018/11/12, 108, , , 23, 3, 6
2018/11/13, 124, , , 25, 3, 7
2018/11/14, 121, , , 23, 3, 6
2018/11/15, 109, , , 15, 3, 5
2018/11/16, 66, , , 15, 3, 7
2018/11/17, 107, , , 12, 3, 5
2018/11/18, 103, , , 13, 3, 5
2018/11/19, 59, , , 17, 3, 5
2018/11/20, 69, , , 17, 3, 6
2018/11/21, 93, , , 14, 4, 5
2018/11/22, 55, , , 15, 4, 7
2018/11/23, 75, , , 16, 3, 7
2018/11/24, 374, , , 18, 3, 6
2018/11/25, 129, , , 29, 4, 6
2018/11/26, 141, , , 109, 2, 5
2018/11/27, 115, , , 16, 3, 5
2018/11/28, 99, , , 16, 4, 6
2018/11/29, 94, , , 15, 4, 6
2018/11/30, 101, , , 17, 5, 6
2018/12/1, 98, , , 16, 3, 5
2018/12/2, 72, , , 15, 6, 6
2018/12/3, 76, , , 15, 4, 6
2018/12/4, 78, , , 14, 6, 6
2018/12/5, 286, , , 18, 7, 9
2018/12/6, 101, , , 15, 4, 6
2018/12/7, 92, , , 65, 5, 7
2018/12/8, 130, , , , 7, 6
2018/12/9, 127, , , 113, 4, 8
2018/12/10, 143, , , 14, 7, 8
2018/12/11, 157, , , , , 
2018/12/15, 106, , , 14, 4, 6
2018/12/16, 132, , , 16, 7, 7
2018/12/17, 152, , , 18, 4, 7
2018/12/18, 133, , , 16, 5, 8
2018/12/19, 117, , , 15, 5, 7
2018/12/20, 103, , , 15, 6, 7
2018/12/21, 109, , , 15, 5, 6
2018/12/22, 110, , , 12, 3, 6
2018/12/23, 89, , , 12, 3, 6
2018/12/24, 99, , , 12, 3, 6
2018/12/25, 120, , , 13, 3, 6
2018/12/26, 112, , , 11, 4, 6
2018/12/27, 123, , , 13, 4, 7
2018/12/28, 135, , , 12, 5, 6
2018/12/29, 139, , , 12, 4, 5
2018/12/30, 130, , , , , 
2018/7/1, 50, , , 4, 3, 4
2018/7/2, 45, , , 5, 3, 5
2018/7/3, 59, , , 4, 2, 5
2018/7/4, 70, , , 4, 3, 5
2018/7/5, 83, , , 3, 3, 7
2018/7/6, 112, , , 2, 4, 7
2018/7/7, 68, , , 2, 3, 7
2018/7/8, 71, , , 2, 3, 7
2018/7/9, 72, , , 2, 3, 7
2018/7/10, 456, , , 2, 3, 7
2018/7/11, 109, , , 1, 3, 6
2018/7/12, 76, , , 2, 3, 7
2018/7/13, 70, , , 1, 3, 5
2018/7/14, 71, , , 1, 3, 6
2018/7/15, 72, , , 1, 3, 6
2018/7/16, 72, , , 2, 3, 6
2018/7/17, 67, , , 1, 3, 6
2018/7/18, 66, , , 4, 3, 7
2018/7/19, 100, , , 6, 3, 6
2018/7/20, 67, , , 6, 3, 6
2018/7/21, 81, , , 5, 3, 6
2018/7/22, 85, , , 6, 3, 6
2018/7/23, 85, , , 7, 3, 5
2018/7/24, 77, , , 7, 3, 5
2018/7/25, 69, , , 7, 3, 5
2018/7/26, 76, , , 8, 3, 5
2018/7/27, 92, , , 9, 3, 5
2018/7/28, 98, , , 7, 4, 5
2018/7/29, 72, , , 9, 3, 5
2018/7/30, 86, , , 8, 3, 5
2018/7/31, 88, , , , , 
2018/8/3, 85, , , 8, 2, 5
2018/8/4, 90, , , 8, 2, 4
2018/8/5, 70, , , 8, 2, 5
2018/8/6, 95, , , 8, 2, 5
2018/8/7, 58, , , 9, 2, 5
2018/8/8, 84, , , 7, 2, 5
2018/8/9, 77, , , 4, 2, 5
2018/8/10, 70, , , 4, 2, 5
2018/8/11, 57, , , 4, 2, 5
2018/8/12, 40, , , 4, 2, 5
2018/8/13, 44, , , 4, 2, 6
2018/8/14, 50, , , 4, 2, 5
2018/8/15, 56, , , 3, 2, 5
2018/8/16, 42, , , 2, 2, 6
2018/8/17, 64, , , 23, 2, 6
2018/8/18, 88, , , 10, 2, 5
2018/8/19, 77, , , 8, 2, 5
2018/8/20, 81, , , 5, 2, 5
2018/8/21, 83, , , 4, 2, 6
2018/8/22, 88, , , 4, 2, 6
2018/8/23, 75, , , 6, 2, 6
2018/8/24, 64, , , 7, 2, 6
2018/8/25, 82, , , 6, 2, 5
2018/8/26, 62, , , 6, 2, 6
2018/8/27, 78, , , 6, 2, 6
2018/8/28, 76, , , 6, 2, 6
2018/8/29, 91, , , 4, 3, 6
2018/8/30, 105, , , 3, 3, 6
2018/8/31, 90, , , 5, 3, 6
2018/9/1, 92, , , 6, 3, 5
2018/9/2, 87, , , 6, 3, 6
2018/9/3, 105, , , 7, 4, 6
2018/9/4, 98, , , 6, 3, 6
2018/9/5, 92, , , 6, 4, 6
2018/9/6, 91, , , 6, 3, 6
2018/9/7, 82, , , 6, 3, 7
2018/9/8, 88, , , 6, 4, 6
2018/9/9, 86, , , 6, 3, 7
2018/9/10, 98, , , 7, 4, 9
2018/9/11, 105, , , 7, 3, 8
2018/9/12, 84, , , 7, 4, 7
2018/9/13, 93, , , 7, 3, 8
2018/9/14, 99, , , , , 
2018/9/18, 118, , , 6, 4, 4
2018/9/19, 77, , , 7, 3, 4
2018/9/20, 86, , , 6, 3, 3
2018/9/21, 95, , , 7, 3, 3
2018/9/22, 96, , , 7, 4, 4
2018/9/23, 113, , , 6, 4, 4
2018/9/24, 88, , , 11, 3, 3
2018/9/25, 92, , , 7, 4, 3
2018/9/26, 100, , , 7, 4, 3
2018/9/27, 106, , , 8, 4, 3
2018/9/28, 109, , , 7, 3, 3
2018/9/29, 91, , , 7, 3, 3
2018/9/30, 92, , , 7, 4, 3
2018/4/1, 134, , , 4, 1, 7
2018/4/2, 131, , , 9, 2, 8
2018/4/3, 145, , , 7, 3, 7
2018/4/4, 147, , , 7, 3, 7
2018/4/5, 145, , , 8, 3, 7
2018/4/6, 149, , , 9, 3, 7
2018/4/7, 147, , , 5, 3, 6
2018/4/8, 131, , , 4, 3, 7
2018/4/9, 107, , , 4, 3, 7
2018/4/10, 112, , , 5, 4, 7
2018/4/11, 112, , , 5, 4, 7
2018/4/12, 91, , , 3, 4, 7
2018/4/13, 99, , , 3, 3, 4
2018/4/14, 113, , , 5, 4, 3
2018/4/15, 95, , , 2, 3, 5
2018/4/16, 116, , , 7, 4, 6
2018/4/17, 131, , , 11, 4, 7
2018/4/18, 143, , , 8, 3, 7
2018/4/19, 122, , , 7, 2, 6
2018/4/20, 91, , , 12, 2, 8
2018/4/21, 112, , , 5, 2, 5
2018/4/22, 90, , , 6, 2, 5
2018/4/23, 99, , , 7, 3, 7
2018/4/24, 124, , , 8, 3, 7
2018/4/25, 123, , , 6, 2, 6
2018/4/26, 117, , , 9, 3, 6
2018/4/27, 130, , , 8, 3, 6
2018/4/28, 130, , , 11, 3, 5
2018/4/29, 126, , , 6, 2, 5
2018/4/30, 105, , , 5, 2, 5
2018/5/1, 105, , , 7, 3, 6
2018/5/2, 93, , , 5, 3, 5
2018/5/3, 112, , , 9, 3, 7
2018/5/4, 123, , , 8, 3, 6
2018/5/5, 142, , , 5, 2, 6
2018/5/6, 121, , , 6, 3, 6
2018/5/7, 111, , , 5, 3, 5
2018/5/8, 127, , , 5, 3, 5
2018/5/9, 92, , , 5, 3, 6
2018/5/10, 74, , , 5, 3, 6
2018/5/11, 104, , , 4, 3, 6
2018/5/12, 26, , , 3, 3, 5
2018/5/13, 60, , , 5, 3, 6
2018/5/14, 152, , , 6, 3, 5
2018/5/15, 84, , , 5, 3, 7
2018/5/16, 101, , , 6, 3, 7
2018/5/17, 122, , , 6, 2, 7
2018/5/18, 103, , , 7, 3, 10
2018/5/19, 131, , , 3, 3, 6
2018/5/20, 94, , , 4, 3, 6
2018/5/21, 87, , , 4, 3, 7
2018/5/22, 91, , , 5, 3, 8
2018/5/23, 107, , , 4, 3, 7
2018/5/24, 91, , , 4, 3, 7
2018/5/25, 145, , , 4, 3, 8
2018/5/26, 47, , , 4, 2, 8
2018/5/27, 89, , , 3, 2, 7
2018/5/28, 89, , , 8, 3, 11
2018/5/29, 60, , , 6, 3, 6
2018/5/30, 71, , , 4, 3, 6
2018/5/31, 74, , , 4, 3, 6
2018/6/1, 89, , , 4, 3, 8
2018/6/2, 91, , , 3, 3, 5
2018/6/3, 79, , , 3, 3, 6
2018/6/4, 43, , , 4, 3, 7
2018/6/5, 67, , , 4, 3, 12
2018/6/6, 65, , , 2, 3, 9
2018/6/7, 68, , , 4, 3, 4
2018/6/8, 41, , , 5, 3, 4
2018/6/9, 53, , , 6, 3, 5
2018/6/10, 42, , , 7, 3, 4
2018/6/11, 65, , , 6, 3, 5
2018/6/12, 77, , , 8, 3, 5
2018/6/13, 79, , , 5, 3, 7
2018/6/14, 85, , , 10, 2, 5
2018/6/15, 168, , , 3, 3, 5
2018/6/16, 49, , , 3, 3, 5
2018/6/17, 62, , , 3, 3, 5
2018/6/18, 46, , , 2, 3, 4
2018/6/19, 75, , , 1, 3, 4
2018/6/20, 46, , , 2, 3, 4
2018/6/21, 54, , , 2, 3, 5
2018/6/22, 66, , , 3, 3, 5
2018/6/23, 81, , , 3, 3, 4
2018/6/24, 66, , , 3, 3, 5
2018/6/25, 90, , , 3, 3, 4
2018/6/26, 89, , , 3, 2, 5
2018/6/27, 85, , , 4, 3, 5
2018/6/28, 43, , , 3, 3, 4
2018/6/29, 35, , , 5, 3, 5
2018/6/30, 48, , , 4, 2, 5
2018/1/9, 160, , , 2, 2, 9
2018/1/10, 122, , , 8, 1, 9
2018/1/11, 112, , , 3, 1, 9
2018/1/12, 121, , , 4, 1, 9
2018/1/13, 126, , , 7, 1, 9
2018/1/14, 128, , , 7, 1, 9
2018/1/15, 141, , , 6, 1, 9
2018/1/16, 140, , , 4, 2, 8
2018/1/17, 148, , , 3, 1, 9
2018/1/18, 139, , , 7, 1, 9
2018/1/19, 179, , , 11, 1, 10
2018/1/20, 114, , , 9, 1, 9
2018/1/21, 103, , , 10, 1, 9
2018/1/22, 114, , , 10, 2, 10
2018/1/23, 144, , , 10, 1, 10
2018/1/24, 144, , , 6, 1, 10
2018/1/25, 133, , , 7, 1, 9
2018/1/26, 137, , , 8, 1, 11
2018/1/27, 151, , , 7, 1, 9
2018/1/28, 141, , , 6, 2, 9
2018/1/29, 131, , , 7, 1, 9
2018/1/30, 152, , , 11, 1, 9
2018/1/31, 147, , , 10, 2, 10
2018/2/1, 136, , , 8, 1, 9
2018/2/2, 118, , , 7, , 9
2018/2/3, 107, , , 3, 1, 7
2018/2/4, 94, , , 8, 2, 8
2018/2/5, 112, , , 8, 1, 8
2018/2/6, 123, , , 11, 2, 7
2018/2/7, 112, , , 16, 5, 9
2018/2/8, 123, , , 17, 6, 8
2018/2/9, 124, , , 17, 21, 9
2018/2/10, 127, , , 12, 29, 7
2018/2/11, 91, , , , , 
2018/2/13, 111, , , 3, 4, 8
2018/2/14, 120, , , 6, 4, 9
2018/2/15, 122, , , 6, 2, 8
2018/2/16, 122, , , 7, 2, 9
2018/2/17, 127, , , 3, 3, 8
2018/2/18, 111, , , 4, 3, 8
2018/2/19, 116, , , 5, 2, 8
2018/2/20, 107, , , 5, 2, 8
2018/2/21, 134, , , 7, 2, 8
2018/2/22, 137, , , 8, 3, 8
2018/2/23, 141, , , 4, 3, 8
2018/2/24, 114, , , 5, 3, 8
2018/2/25, 91, , , 8, 2, 8
2018/2/26, 98, , , 6, 2, 7
2018/2/27, 98, , , 11, 3, 8
2018/2/28, 127, , , 5, 2, 7
2018/3/1, 114, , , 6, 1, 7
2018/3/2, 122, , , 8, 1, 8
2018/3/3, 120, , , 4, 1, 7
2018/3/4, 87, , , 5, 1, 7
2018/3/5, 117, , , 5, 1, 7
2018/3/6, 108, , , 6, 2, 8
2018/3/7, 122, , , 5, 4, 8
2018/3/8, 137, , , 11, 3, 9
2018/3/9, 154, , , 6, 4, 8
2018/3/10, 154, , , , , 
2018/3/12, 129, , , 4, 4, 7
2018/3/13, 94, , , 5, 4, 6
2018/3/14, 108, , , 5, 4, 7
2018/3/15, 107, , , 3, 4, 7
2018/3/16, 80, , , 3, 3, 7
2018/3/17, 162, , , 2, , 7
2018/3/18, 97, , , 3, 2, 7
2018/3/19, 118, , , 6, 2, 7
2018/3/20, 149, , , 7, 2, 6
2018/3/21, 141, , , 4, 2, 6
2018/3/22, 120, , , 6, 3, 7
2018/3/23, 128, , , 6, 3, 7
2018/3/24, 157, , , 5, 3, 7
2018/3/25, 159, , , 10, 3, 8
2018/3/26, 156, , , 12, 3, 8
2018/3/27, 140, , , 11, 3, 8
2018/3/28, 141, , , 7, 3, 7
2018/3/29, 150, , , 8, 2, 7
2018/3/30, 144, , , 7, 2, 7
2018/3/31, 151, , , 5, 1, 6
2017/10/1, 71, , , 8, 2, 6
2017/10/2, 77, , , 9, 1, 6
2017/10/3, 84, , , 8, 2, 7
2017/10/4, 85, , , 8, 1, 7
2017/10/5, 88, , , 8, 2, 7
2017/10/6, 85, , , 9, 1, 7
2017/10/7, 104, , , 9, 1, 6
2017/10/8, 54, , , 9, 1, 20
2017/10/9, 76, , , 10, 1, 57
2017/10/10, 94, , , 10, 1, 8
2017/10/11, 81, , , 10, 1, 7
2017/10/12, 92, , , 10, 2, 8
2017/10/13, 83, , , 10, 2, 7
2017/10/14, 114, , , 9, 1, 6
2017/10/15, 133, , , 10, 1, 6
2017/10/16, 84, , , 11, 1, 8
2017/10/17, 112, , , 11, 1, 9
2017/10/18, 137, , , 10, 1, 7
2017/10/19, 124, , , 12, 3, 6
2017/10/20, 138, , , 12, 2, 7
2017/10/21, 134, , , 10, 1, 7
2017/10/22, 104, , , 10, 2, 8
2017/10/23, 112, , , 11, 2, 11
2017/10/24, 154, , , 11, 2, 8
2017/10/25, 141, , , 10, 1, 8
2017/10/26, 120, , , 10, 2, 7
2017/10/27, 105, , , 10, 2, 8
2017/10/28, 132, , , 10, 1, 7
2017/10/29, 161, , , 10, 1, 7
2017/10/30, 156, , , 10, 1, 8
2017/10/31, 181, , , 10, 2, 7
2017/11/1, 146, 66, , 10, 2, 8
2017/11/2, 186, , , 10, 2, 8
2017/11/3, 183, , , 10, 1, 8
2017/11/4, 148, , , 10, 1, 7
2017/11/5, 110, , , 10, 1, 8
2017/11/6, 50, , , 10, 2, 8
2017/11/7, 91, , , 10, 2, 8
2017/11/8, 108, , , 10, 2, 8
2017/11/9, 111, , , 9, 2, 8
2017/11/10, 127, , , 9, 2, 8
2017/11/11, 129, , , 9, 1, 5
2017/11/12, 117, , , 9, 1, 6
2017/11/13, 121, , , 9, 2, 6
2017/11/14, 120, , , 9, 1, 7
2017/11/15, 117, , , 9, 2, 7
2017/11/16, 134, , , 9, 2, 8
2017/11/17, 135, , , 9, 2, 6
2017/11/18, 133, , , 9, 1, 4
2017/11/19, 131, , , 9, 1, 4
2017/11/20, 130, , , 9, 2, 3
2017/11/21, 114, , , 9, 1, 5
2017/11/22, 147, , , 9, 2, 7
2017/11/23, 133, , , 9, 2, 7
2017/11/24, 110, , , , , 
2017/12/6, 174, , , 9, 2, 23
2017/12/7, 141, , , 9, 2, 10
2017/12/8, 181, , , 8, 2, 11
2017/12/9, 172, , , 10, 2, 10
2017/12/10, 165, , , 8, 2, 10
2017/12/11, 150, , , 8, 2, 11
2017/12/12, 1, , , 8, 2, 10
2017/7/1, 85, , , 124, 5, 2
2017/7/2, 91, , , 128, 3, 3
2017/7/3, 83, , , , , 
2017/7/8, 391, , , 12, , 
2017/7/9, 104, , , 13, 4, 3
2017/7/10, 102, , , 12, 1, 4
2017/7/11, 94, , , 12, 2, 4
2017/7/12, 88, , , 12, 1, 4
2017/7/13, 96, , , 11, 2, 4
2017/7/14, 104, , , 12, 5, 3
2017/7/15, 102, , , 11, 1, 4
2017/7/16, 85, , , 12, 1, 4
2017/7/17, 102, , , 12, 1, 4
2017/7/18, 93, , , 12, 2, 4
2017/7/19, 84, , , 12, 1, 4
2017/7/20, 87, , , 11, 1, 4
2017/7/21, 108, , , 13, 1, 3
2017/7/22, 89, , , 13, 1, 2
2017/7/23, 84, , , 14, 1, 2
2017/7/24, 110, , , 12, 2, 5
2017/7/25, 120, , , 11, 2, 2
2017/7/26, 115, , , 12, 2, 3
2017/7/27, 119, , , 12, 1, 2
2017/7/28, 102, , , 12, 2, 2
2017/7/29, 100, , , 11, 1, 2
2017/7/30, 86, , , 11, 3, 2
2017/7/31, 95, , , 10, 3, 2
2017/8/1, 105, , , 11, 2, 2
2017/8/2, 101, , , 10, 1, 2
2017/8/3, 96, , , 9, 3, 2
2017/8/4, 76, , , 10, 2, 1
2017/8/5, 88, , , 10, 2, 1
2017/8/6, 77, , , 10, 2, 1
2017/8/7, 100, , , 10, 2, 2
2017/8/8, 101, , , 10, 2, 3
2017/8/9, 108, , , 10, 2, 2
2017/8/10, 80, , , 10, 1, 2
2017/8/11, 86, , , , , 
2017/8/14, 220, , , 9, 2, 2
2017/8/15, 81, , , 10, 2, 2
2017/8/16, 66, , , 10, 2, 2
2017/8/17, 81, , , 10, 2, 2
2017/8/18, 85, , , 10, 2, 2
2017/8/19, 89, , , 9, 2, 1
2017/8/20, 82, , , 10, 3, 3
2017/8/21, 84, , , 10, 2, 6
2017/8/22, 97, , , 9, 2, 6
2017/8/23, 95, , , 10, 2, 6
2017/8/24, 124, , , 9, 2, 6
2017/8/25, 229, , , 10, 2, 6
2017/8/26, 74, , , 9, 1, 5
2017/8/27, 63, , , 9, 2, 6
2017/8/28, 88, , , 10, 2, 6
2017/8/29, 79, , , 10, 2, 6
2017/8/30, 96, , , 10, 1, 6
2017/8/31, 111, , , 10, 2, 7
2017/9/1, 305, , , 11, 2, 8
2017/9/2, 210, , , 9, 1, 8
2017/9/3, 34, , , 10, 2, 7
2017/9/4, 109, , , 10, 2, 9
2017/9/5, 53, , , 9, 1, 6
2017/9/6, 61, , , , , 
2017/9/12, 59, , , 10, 2, 7
2017/9/13, 57, , , 10, 2, 6
2017/9/14, 55, , , 10, 2, 7
2017/9/15, 52, , , 9, 2, 6
2017/9/16, 54, , , 9, 2, 6
2017/9/17, 47, , , 9, 2, 6
2017/9/18, 50, , , 9, 2, 6
2017/9/19, 52, , , 9, 2, 6
2017/9/20, 54, , , 9, 2, 6
2017/9/21, 59, , , 9, 3, 6
2017/9/22, 81, , , 9, 2, 6
2017/9/23, 81, , , 9, 2, 7
2017/9/24, 86, , , 9, 2, 6
2017/9/25, 74, , , 9, 2, 6
2017/9/26, 74, , , 10, 2, 7
2017/9/27, 91, , , 9, 2, 7
2017/9/28, 89, , , 9, 2, 6
2017/9/29, 82, , , 9, 2, 6
2017/9/30, 99, , , 9, 2, 6
2017/4/1, 155, , , 11, 1, 2
2017/4/2, 150, , , 47, 2, 3
2017/4/3, 154, , , 17, 2, 2
2017/4/4, 122, , , 14, 1, 3
2017/4/5, 124, , , 9, 2, 2
2017/4/6, 115, , , 8, 2, 2
2017/4/7, 109, , , 11, 2, 2
2017/4/8, 126, , , 5, 1, 3
2017/4/9, 105, , , 10, 2, 2
2017/4/10, 139, , , 3, 1, 2
2017/4/11, 120, , , , , 
2017/4/13, 142, , , 18, 1, 2
2017/4/14, 150, , , 13, 2, 2
2017/4/15, 157, , , , , 
2017/4/17, 135, , , 12, 2, 2
2017/4/18, 125, , , 12, 1, 2
2017/4/19, 131, , , 4, 2, 2
2017/4/20, 116, , , 9, 2, 3
2017/4/21, 103, , , 12, 1, 2
2017/4/22, 91, , , 6, 2, 2
2017/4/23, 95, , , 13, 1, 2
2017/4/24, 119, , , 10, 1, 3
2017/4/25, 116, , , 22, 2, 4
2017/4/26, 143, , , 15, 2, 4
2017/4/27, 140, , , 15, 1, 4
2017/4/28, 181, , , 14, 1, 4
2017/4/29, 175, , , , , 
2017/5/1, 103, , , 14, 1, 5
2017/5/2, 115, , , 19, 1, 5
2017/5/3, 154, , , 18, 1, 5
2017/5/4, 143, , , 12, 1, 5
2017/5/5, 148, , , 23, 1, 5
2017/5/6, 163, , , 6, 1, 5
2017/5/7, 117, , , 14, 2, 5
2017/5/8, 115, , , 15, 2, 5
2017/5/9, 158, , , 13, 1, 5
2017/5/10, 121, , , 20, 44, 7
2017/5/11, 147, , , 4, 19, 5
2017/5/12, 148, , , 7, 12, 5
2017/5/13, 141, , , 13, 1, 4
2017/5/14, 147, , , 12, 1, 3
2017/5/15, 105, , , 10, 2, 4
2017/5/16, 96, , , 10, 3, 4
2017/5/17, 127, , , 10, 2, 4
2017/5/18, 132, , , 11, 2, 5
2017/5/19, 116, , , 10, 2, 4
2017/5/20, 129, , , 10, 2, 3
2017/5/21, 104, , , 11, 2, 4
2017/5/22, 100, , , 11, 1, 4
2017/5/23, 119, , , 10, 4, 4
2017/5/24, 113, , , 10, 4, 4
2017/5/25, 102, , , 10, 2, 3
2017/5/26, 107, , , 10, 3, 4
2017/5/27, 86, , , 10, 2, 3
2017/5/28, 86, , , 11, 2, 3
2017/5/29, 93, , , 10, 2, 3
2017/5/30, 107, , , 10, 2, 3
2017/5/31, 96, , , 10, 2, 3
2017/6/1, 88, , , 10, 2, 3
2017/6/2, 91, , , 10, 1, 3
2017/6/3, 96, , , 10, 1, 4
2017/6/4, 92, , , 10, 5, 4
2017/6/5, 103, , , 10, 1, 4
2017/6/6, 101, , , 10, 2, 4
2017/6/7, 94, , , 10, 3, 4
2017/6/8, 84, , , 11, 3, 4
2017/6/9, 100, , , 10, 3, 4
2017/6/10, 86, , , 10, 3, 4
2017/6/11, 74, , , 10, 3, 4
2017/6/12, 78, , , 10, 3, 4
2017/6/13, 92, , , 10, 3, 3
2017/6/14, 87, , , 10, 3, 3
2017/6/15, 106, , , 11, 5, 5
2017/6/16, 109, , , 11, 3, 3
2017/6/17, 108, , , 10, 3, 3
2017/6/18, 95, , , 10, 3, 3
2017/6/19, 92, , , 10, 5, 3
2017/6/20, 97, , , 10, 6, 3
2017/6/21, 90, , , 11, 5, 3
2017/6/22, 100, , , 10, 5, 3
2017/6/23, 100, , , 16, 4, 3
2017/6/24, 99, , , 11, 2, 2
2017/6/25, 84, , , 12, 9, 3
2017/6/26, 97, , , 12, 5, 2
2017/6/27, 112, , , 12, 6, 3
2017/6/28, 111, , , 12, 5, 3
2017/6/29, 110, , , 12, 5, 3
2017/6/30, 109, , , 11, 5, 3
2017/1/2, 111, , , 5, 3, 2
2017/1/3, 73, , , 12, 3, 4
2017/1/4, 131, , , 8, 2, 4
2017/1/5, 127, , , 13, 2, 4
2017/1/6, 139, , , 16, 4, 5
2017/1/7, 146, , , 8, 2, 4
2017/1/8, 125, , , 14, 5, 5
2017/1/9, 129, , , 14, 4, 4
2017/1/10, 133, , , 21, 3, 5
2017/1/11, 142, , , 15, 2, 3
2017/1/12, 150, , , 14, 2, 4
2017/1/13, 153, , , 7, 2, 4
2017/1/14, 121, , , 5, 2, 3
2017/1/15, 107, , , 11, 3, 4
2017/1/16, 120, , , 7, 2, 3
2017/1/17, 114, , , 14, 3, 4
2017/1/18, 117, , , 9, 2, 3
2017/1/19, 98, , , 12, 2, 4
2017/1/20, 120, , , 8, 1, 4
2017/1/21, 112, , , , , 
2017/1/23, 141, , , 13, 3, 4
2017/1/24, 139, , , 11, 2, 4
2017/1/25, 127, , , 6, 1, 4
2017/1/26, 111, , , 11, 2, 4
2017/1/27, 107, , , , , 
2017/1/30, 148, , , 9, 2, 4
2017/1/31, 111, , , 28, 3, 4
2017/2/1, 151, , , 22, 2, 4
2017/2/2, 149, , , 17, 2, 4
2017/2/3, 128, , , 14, 2, 3
2017/2/4, 126, , , 14, 2, 4
2017/2/5, 114, , , 18, 3, 4
2017/2/6, 126, , , 21, 3, 5
2017/2/7, 141, , , 18, 4, 4
2017/2/8, 134, , , 12, 5, 4
2017/2/9, 132, , , 11, 5, 4
2017/2/10, 135, , , 12, 2, 4
2017/2/11, 120, , , 5, 1, 3
2017/2/12, 93, , , 6, 1, 3
2017/2/13, 96, , , 7, 1, 4
2017/2/14, 109, , , 10, 3, 4
2017/2/15, 120, , , 10, 2, 3
2017/2/16, 110, , , 9, 2, 4
2017/2/17, 134, , , 10, 3, 3
2017/2/18, 134, , , 9, 2, 4
2017/2/19, 122, , , 16, 7, 5
2017/2/20, 141, , , 19, 3, 5
2017/2/21, 146, , , 18, 7, 5
2017/2/22, 131, , , 13, 3, 4
2017/2/23, 145, , , 12, 3, 4
2017/2/24, 134, , , 10, 4, 4
2017/2/25, 124, , , 4, 3, 4
2017/2/26, 114, , , 9, 2, 4
2017/2/27, 129, , , 12, 2, 4
2017/2/28, 107, , , 61, 3, 4
2017/3/1, 133, , , 28, 3, 4
2017/3/2, 127, , , 17, 2, 4
2017/3/3, 117, , , 17, 3, 4
2017/3/4, 124, , , 10, 3, 4
2017/3/5, 99, , , 10, 2, 4
2017/3/6, 112, , , 16, 2, 4
2017/3/7, 111, , , 17, 5, 2
2017/3/8, 104, , , 17, 7, 2
2017/3/9, 133, , , 10, 4, 2
2017/3/10, 119, , , 12, 4, 2
2017/3/11, 113, , , 16, 3, 2
2017/3/12, 102, , , 12, 6, 2
2017/3/13, 148, , , 10, 1, 2
2017/3/14, 103, , , 11, 2, 2
2017/3/15, 88, , , 11, 3, 2
2017/3/16, 113, , , 21, 8, 2
2017/3/17, 149, , , 14, 5, 2
2017/3/18, 126, , , 11, 5, 2
2017/3/19, 127, , , 13, 3, 2
2017/3/20, 138, , , 14, 3, 2
2017/3/21, 132, , , 15, 5, 2
2017/3/22, 142, , , 18, 4, 2
2017/3/23, 152, , , 18, 3, 2
2017/3/24, 195, , , 17, 3, 2
2017/3/25, 147, , , 12, 2, 2
2017/3/26, 143, , , 18, 4, 2
2017/3/27, 139, , , 28, 8, 2
2017/3/28, 181, , , 12, 2, 2
2017/3/29, 144, , , 20, 1, 2
2017/3/30, 153, , , 33, 1, 2
2017/3/31, 165, , , 20, 1, 2
2016/10/1, 156, , , , , 
2016/10/4, 159, , , 10, 4, 7
2016/10/5, 159, , , 9, 6, 4
2016/10/6, 141, , , 8, 3, 4
2016/10/7, 117, , , 8, 1, 4
2016/10/8, 100, , , 8, 1, 4
2016/10/9, 68, , , 8, 1, 4
2016/10/10, 68, , , 8, 1, 4
2016/10/11, 68, , , 8, 1, 21
2016/10/12, 80, , , 8, 3, 11
2016/10/13, 75, , , 8, 4, 10
2016/10/14, 43, , , 9, 3, 9
2016/10/15, 49, , , , , 
2016/10/17, 171, , , 9, 5, 10
2016/10/18, 159, , , , , 
2016/10/20, 166, , , 9, 5, 10
2016/10/21, 173, , , 10, 8, 11
2016/10/22, 202, , , 9, 6, 17
2016/10/23, 164, , , 9, 10, 16
2016/10/24, 164, , , 14, 10, 13
2016/10/25, 184, , , 22, 3, 15
2016/10/26, 176, , , 21, 2, 12
2016/10/27, 166, , , 17, 4, 9
2016/10/28, 165, , , 19, 1, 8
2016/10/29, 179, , , 16, 1, 11
2016/10/30, 153, , , 11, 2, 10
2016/10/31, 129, , , 9, 3, 9
2016/11/1, 91, , , 11, 3, 10
2016/11/2, 122, , , 16, 3, 10
2016/11/3, 138, , , 17, 4, 8
2016/11/4, 159, , , 12, 2, 17
2016/11/5, 156, , , 9, 1, 11
2016/11/6, 135, , , 12, 2, 11
2016/11/7, 127, , , 13, 2, 12
2016/11/8, 156, , , 11, 2, 12
2016/11/9, 142, , , 13, 3, 11
2016/11/10, 131, , , 18, 4, 14
2016/11/11, 156, , , 16, 3, 12
2016/11/12, 150, , , 13, 2, 14
2016/11/13, 125, , , 11, 2, 10
2016/11/14, 157, , , 5, 2, 14
2016/11/15, 102, , , 5, 1, 9
2016/11/16, 106, , , 8, 1, 13
2016/11/17, 140, , , 9, 2, 10
2016/11/18, 134, , , 6, 1, 8
2016/11/19, 144, , , , , 
2016/11/21, 134, , , 15, 6, 16
2016/11/22, 135, , , 20, 7, 8
2016/11/23, 134, , , 17, 4, 21
2016/11/24, 156, , , 14, 3, 26
2016/11/25, 130, , , 10, 2, 20
2016/11/26, 130, , , 8, 2, 12
2016/11/27, 118, , , 20, 7, 9
2016/11/28, 136, , , 17, 6, 7
2016/11/29, 139, , , 12, 5, 7
2016/11/30, 126, , , 11, 4, 14
2016/12/1, 134, , , 9, 1, 19
2016/12/2, 118, , , 15, 3, 19
2016/12/3, 68, , , 5, 1, 4
2016/12/4, 95, , , 6, 2, 3
2016/12/5, 87, , , 6, 2, 6
2016/12/6, 114, , , 8, 1, 7
2016/12/7, 131, , , 9, 2, 8
2016/12/8, 113, , , 12, 5, 12
2016/12/9, 132, , , 2, 3, 16
2016/12/10, 112, , , 10, 9, 11
2016/12/11, 135, , , 10, 5, 16
2016/12/12, 140, , , 11, 5, 23
2016/12/13, 230, , , 7, 1, 9
2016/12/14, 121, , , 7, 1, 5
2016/12/15, 99, , , 10, 3, 26
2016/12/16, 125, , , 6, 1, 30
2016/12/17, 130, , , 9, 5, 8
2016/12/18, 136, , , 12, 3, 4
2016/12/19, 160, , , 14, 2, 5
2016/12/20, 135, , , 18, 4, 6
2016/12/21, 142, , , 11, 3, 4
2016/12/22, 135, , , 13, 8, 5
2016/12/23, 149, , , 17, 5, 5
2016/12/24, 150, , , 12, 3, 5
2016/12/25, 151, , , 14, 4, 4
2016/12/26, 147, , , 12, 4, 4
2016/12/27, 136, , , 8, 2, 4
2016/12/28, 130, , , 10, 2, 4
2016/12/29, 130, , , 11, 3, 4
2016/12/30, 145, , , 6, 2, 4
2016/12/31, 141, , , , , 
2016/7/1, 105, , , 5, , 2
2016/7/2, 107, , , 2, , 3
2016/7/3, 76, , , 2, , 3
2016/7/4, 71, , , 3, , 3
2016/7/5, 62, , , 3, , 3
2016/7/6, 71, , , 5, 1, 4
2016/7/7, 59, , , 4, 4, 3
2016/7/10, 48, , , 3, 3, 2
2016/7/18, 316, , , 3, 1, 3
2016/7/19, 115, , , 3, 3, 9
2016/7/20, 88, , , 1, 1, 9
2016/7/21, 82, , , 2, 1, 8
2016/7/22, 70, , , , , 
2016/7/24, 40, , , 2, , 2
2016/7/25, 54, , , , , 
2016/7/27, 71, , , 1, 1, 4
2016/7/28, 57, , , 1, 1, 5
2016/7/29, 79, , , , 1, 3
2016/7/30, 41, , , 17, 1, 4
2016/7/31, 63, , , 38, 2, 4
2016/8/1, 66, , , 2, , 3
2016/8/2, 71, , , 8, 1, 3
2016/8/3, 72, , , 4, , 3
2016/8/4, 61, , , , , 
2016/8/7, 36, , , 5, 3, 3
2016/8/8, 67, , , 1, 1, 3
2016/8/9, 79, , , 2, 2, 4
2016/8/10, 72, , , 2, 2, 3
2016/8/11, 83, , , 2, 1, 3
2016/8/12, 83, , , 2, 1, 4
2016/8/13, 75, , , 2, , 3
2016/8/14, 78, , , 2, , 3
2016/8/15, 54, , , 2, 1, 3
2016/8/16, 156, , , 2, , 5
2016/8/17, 99, , , 2, 1, 5
2016/8/18, 112, , , 1, 1, 5
2016/8/19, 105, , , 1, 3, 5
2016/8/20, 128, , , 2, 2, 5
2016/8/21, 104, , , 1, 1, 5
2016/8/22, 101, , , 2, 1, 5
2016/8/23, 108, , , 1, 1, 5
2016/8/24, 97, , , 1, 5, 6
2016/8/25, 96, , , 1, , 6
2016/8/27, 71, , , 1, 1, 5
2016/8/28, 32, , , 1, 2, 5
2016/8/29, 45, , , 2, 2, 5
2016/8/30, 92, , , 1, 3, 6
2016/8/31, 86, , , 1, 2, 5
2016/9/1, 97, , , 1, , 4
2016/9/2, 74, , , 1, 1, 5
2016/9/3, 96, , , 1, , 5
2016/9/4, 112, , , 1, , 4
2016/9/5, 73, , , 1, 1, 5
2016/9/6, 105, , , 1, 1, 5
2016/9/7, 90, , , 1, 1, 5
2016/9/8, 90, , , , , 
2016/9/10, 131, , , , 2, 4
2016/9/11, 86, , , , , 
2016/9/13, 80, , , 1, 1, 4
2016/9/14, 60, , , 148, 2, 7
2016/9/15, 6, , , 124, 4, 4
2016/9/16, 89, , , 1, 2, 4
2016/9/17, 94, , , , , 
2016/9/19, 74, , , 12, 2, 4
2016/9/20, 96, , , 11, 2, 4
2016/9/21, 63, , , 14, 1, 5
2016/9/22, 336, , , 10, 3, 4
2016/9/23, 160, , , 12, 2, 4
2016/9/24, 149, , , , , 
2016/9/26, 158, , , , , 
2016/9/28, 182, , , 11, 2, 5
2016/9/29, 161, , , 7, 3, 4
2016/9/30, 163, , , 7, 1, 4
2016/4/1, 146, , , 12, 1, 9
2016/4/2, 152, , , 5, 1, 8
2016/4/3, 146, , , 10, 4, 8
2016/4/4, 150, , , 21, 1, 11
2016/4/5, 151, , , 47, 1, 10
2016/4/6, 125, , , 8, , 9
2016/4/7, 125, , , 5, , 7
2016/4/8, 103, , , 3, , 8
2016/4/9, 103, , , 2, , 8
2016/4/10, 98, , , 4, , 9
2016/4/11, 86, , , 3, , 9
2016/4/12, 118, , , 1, 15, 9
2016/4/16, 137, , , 2, , 7
2016/4/17, 102, , , 3, , 10
2016/4/18, 89, , , 4, 1, 9
2016/4/19, 94, , , 5, 1, 8
2016/4/20, 99, , , 4, 10, 8
2016/4/21, 101, , , 4, 4, 8
2016/4/22, 104, , , 12, 4, 11
2016/4/23, 99, , , 13, 2, 9
2016/4/24, 88, , , 12, 2, 10
2016/4/25, 97, , , 14, 2, 11
2016/4/26, 86, , , 15, 3, 10
2016/4/27, 85, , , 14, 4, 8
2016/4/28, 97, , , 13, 3, 11
2016/4/29, 101, , , 11, 3, 10
2016/4/30, 98, , , 9, 3, 8
2016/5/1, 81, , , 11, 5, 9
2016/5/2, 95, , , 15, 4, 10
2016/5/3, 96, , , 10, 5, 8
2016/5/4, 102, , , 10, 10, 9
2016/5/5, 109, , , 8, 3, 10
2016/5/6, 83, , , 9, 2, 10
2016/5/7, 80, , , 6, 1, 10
2016/5/8, 74, , , 6, 4, 9
2016/5/9, 61, , , 5, 4, 10
2016/5/10, 86, , , 6, 2, 10
2016/5/11, 100, , , 7, 3, 10
2016/5/12, 109, , , 4, 4, 11
2016/5/13, 103, , , , 2, 10
2016/5/14, 119, , , , 2, 8
2016/5/15, 119, , , 11, 4, 8
2016/5/16, 103, , , 8, 3, 11
2016/5/17, 116, , , 4, 5, 7
2016/5/18, 109, , , 1, 4, 8
2016/5/19, 99, , , 3, 3, 9
2016/5/20, 125, , , 3, 5, 7
2016/5/30, 85, , , 21, 4, 13
2016/5/31, 90, , , 25, 4, 6
2016/6/1, 66, , , 19, 1, 8
2016/6/2, 67, , , , , 
2016/6/17, 134, , , 11, 4, 6
2016/6/18, 101, , , 5, 7, 4
2016/6/19, 97, , , 3, 9, 4
2016/6/20, 88, , , 4, 11, 3
2016/6/21, 94, , , 4, , 2
2016/6/22, 98, , , 4, , 2
2016/6/23, 88, , , 3, , 2
2016/6/24, 83, , , , , 
2016/6/27, 74, , , 11, , 3
2016/6/28, 107, , , 10, , 2
2016/6/29, 254, , , 6, , 2
2016/6/30, 52, , , 8, , 2
2016/1/4, 153, , , 31, 2, 7
2016/1/5, 162, , , 30, 3, 9
2016/1/6, 157, , , 31, 1, 7
2016/1/7, 155, , , 32, 2, 7
2016/1/8, 166, , , 33, 3, 10
2016/1/9, 159, , , 20, 2, 9
2016/1/10, 139, , , 14, 4, 7
2016/1/11, 144, , , 17, 3, 9
2016/1/12, 163, , , 20, 5, 9
2016/1/13, 168, , , 25, 3, 8
2016/1/14, 178, , , , , 
2016/1/16, 188, , , 12, 3, 7
2016/1/17, 165, , , 18, 1, 10
2016/1/18, 170, , , 15, 1, 11
2016/1/19, 175, , , 14, 1, 9
2016/1/20, 163, , , 15, 2, 7
2016/1/21, 140, , , 13, 1, 7
2016/1/22, 163, , , 8, 1, 8
2016/1/23, 166, , , 7, 1, 10
2016/1/24, 134, , , 9, 1, 11
2016/1/25, 153, , , 9, 1, 12
2016/1/26, 153, , , 11, 2, 9
2016/1/27, 153, , , 16, 1, 10
2016/1/28, 182, , , 14, 1, 11
2016/1/29, 174, , , 16, 1, 9
2016/1/30, 168, , , 26, 3, 14
2016/1/31, 211, , , 27, 2, 14
2016/2/1, 172, , , 27, 3, 9
2016/2/2, 158, , , 29, 3, 11
2016/2/3, 166, , , 26, 2, 10
2016/2/4, 162, , , 24, 2, 10
2016/2/5, 166, , , 21, 1, 10
2016/2/6, 163, , , 21, 1, 14
2016/2/7, 183, , , 19, 1, 9
2016/2/8, 176, , , 19, 2, 11
2016/2/9, 176, , , 23, 3, 9
2016/2/10, 177, , , 22, 4, 8
2016/2/11, 174, , , 21, 6, 11
2016/2/12, 182, , , 19, 4, 9
2016/2/13, 177, , , 14, 2, 8
2016/2/14, 162, , , 23, 2, 8
2016/2/15, 162, , , 11, 1, 8
2016/2/16, 145, , , 11, 1, 7
2016/2/17, 160, , , , , 
2016/2/19, 160, , , 12, 1, 8
2016/2/20, 155, , , 11, , 9
2016/2/21, 162, , , 12, 1, 8
2016/2/22, 196, , , 13, 1, 8
2016/2/23, 283, , , 11, 4, 8
2016/2/24, 250, , , 8, 2, 9
2016/2/25, 184, , , 8, , 8
2016/2/26, 168, , , 34, , 6
2016/2/27, 145, , , 46, , 6
2016/2/28, 148, , , 7, , 7
2016/2/29, 154, , , 6, , 7
2016/3/1, 152, , , 5, , 6
2016/3/2, 155, , , 7, , 6
2016/3/3, 169, , , 11, 1, 8
2016/3/4, 172, , , 8, , 8
2016/3/5, 168, , , 5, , 8
2016/3/6, 163, , , 5, , 8
2016/3/7, 162, , , 3, , 6
2016/3/8, 159, , , 23, 3, 6
2016/3/9, 171, , , 19, 1, 9
2016/3/10, 170, , , , , 
2016/3/13, 173, , , 6, , 9
2016/3/14, 181, , , 5, 1, 9
2016/3/15, 167, , , 7, 1, 9
2016/3/16, 168, , , 7, 2, 8
2016/3/17, 165, , , 6, , 9
2016/3/18, 167, , , 8, 1, 9
2016/3/19, 207, , , 12, , 8
2016/3/20, 291, , , 12, 1, 8
2016/3/21, 233, , , 9, 4, 8
2016/3/22, 194, , , 8, 1, 7
2016/3/27, 122, , , 25, 6, 8
2016/3/28, 155, , , 12, , 5
2016/3/29, 151, , , 10, , 5
2016/3/30, 140, , , 10, , 6
2016/3/31, 155, , , 10, 1, 6
2015/10/1, 87, , , 12, 2, 16
2015/10/2, 70, , , 9, , 15
2015/10/3, 56, , , 10, , 14
2015/10/4, 55, , , 11, 1, 19
2015/10/5, 68, , , 10, 1, 14
2015/10/6, 162, , , 10, 5, 14
2015/10/7, 56, , , 11, 8, 9
2015/10/8, 57, , , 11, 3, 9
2015/10/9, 54, , , 13, 5, 13
2015/10/10, 42, , , , , 
2015/10/13, 69, , , 31, 1, 9
2015/10/14, 68, , , 35, 2, 7
2015/10/15, 125, , , 31, 2, 6
2015/10/16, 143, , , 21, 1, 4
2015/10/17, 106, , , 21, 1, 3
2015/10/18, 93, , , 6, 1, 6
2015/10/19, 164, , , 15, 1, 6
2015/10/20, 152, , , 8, 1, 7
2015/10/21, 134, , , 6, 1, 7
2015/10/22, 155, , , 13, 1, 7
2015/10/23, 137, , , 10, 1, 7
2015/10/24, 144, , , 8, , 5
2015/10/25, 129, , , 10, 1, 5
2015/10/26, 150, , , 13, 2, 7
2015/10/27, 130, , , 7, , 9
2015/10/28, 111, , , 7, , 8
2015/10/29, 111, , , 5, , 6
2015/10/30, 106, , , 8, 1, 7
2015/10/31, 145, , , 4, 1, 8
2015/11/1, 119, , , 2, 1, 4
2015/11/2, 76, , , , , 
2015/11/4, 157, , , 5, 1, 9
2015/11/5, 100, , , 4, 1, 6
2015/11/6, 113, , , 4, 1, 7
2015/11/7, 112, , , 3, 1, 5
2015/11/8, 111, , , 3, 1, 5
2015/11/9, 128, , , 2, 1, 5
2015/11/10, 63, , , 3, 1, 6
2015/11/11, 132, , , 3, 1, 5
2015/11/12, 209, , , 4, 1, 7
2015/11/13, 3, , , 4, 1, 6
2015/11/14, 4, , , , , 
2015/11/18, 65, , , 3, 1, 7
2015/11/19, 54, , , 2, 1, 7
2015/11/20, 55, , , 2, 1, 6
2015/11/21, 59, , , 1, 1, 5
2015/11/22, 54, , , 2, 1, 7
2015/11/23, 49, , , 2, 1, 6
2015/11/24, 64, , , 5, 1, 3
2015/11/25, 91, , , 7, 1, 5
2015/11/26, 110, , , 6, 1, 4
2015/11/27, 110, , , 5, 1, 3
2015/11/28, 116, , , , , 
2015/11/30, 91, , , 2, 1, 3
2015/12/1, 51, , , 2, 1, 3
2015/12/2, 63, , , 2, 1, 3
2015/12/3, 44, , , 8, 4, 5
2015/12/4, 47, , , 13, 2, 5
2015/12/5, 64, , , 12, 2, 4
2015/12/6, 76, , , 17, 4, 6
2015/12/7, 114, , , 14, 3, 5
2015/12/8, 132, , , 12, 2, 6
2015/12/9, 130, , , 9, 2, 6
2015/12/10, 104, , , 5, 2, 8
2015/12/11, 110, , , 5, 1, 7
2015/12/12, 140, , , 3, 1, 3
2015/12/13, 115, , , 5, 1, 8
2015/12/14, 166, , , 4, 1, 8
2015/12/15, 131, , , 6, 1, 8
2015/12/16, 144, , , 6, 1, 6
2015/12/17, 110, , , 6, 1, 9
2015/12/18, 155, , , 4, 1, 7
2015/12/19, 120, , , 3, 1, 6
2015/12/20, 111, , , 5, 1, 6
2015/12/21, 96, , , 8, 1, 7
2015/12/22, 120, , , 17, 1, 9
2015/12/23, 152, , , 13, 1, 7
2015/12/24, 158, , , 8, 1, 9
2015/12/25, 160, , , 6, 1, 7
2015/12/26, 151, , , 4, 1, 7
2015/12/27, 169, , , 7, 1, 6
2015/12/28, 172, , , 12, 1, 6
2015/12/29, 127, , , 20, 2, 5
2015/12/30, 128, , , 33, 2, 6
2015/12/31, 155, , , , , 
2016/1/3, 140, , , 24, 2, 7
2015/7/1, 69, , , , 4, 7
2015/7/2, 77, , , 1, 4, 8
2015/7/3, 65, , , , 1, 7
2015/7/4, 73, , , 1, 1, 1
2015/7/5, 63, , , , 1, 2
2015/7/6, 82, , , , 2, 9
2015/7/7, 78, , , 3, 5, 7
2015/7/8, 71, , , 4, 2, 11
2015/7/9, 60, , , 4, 2, 5
2015/7/10, 53, , , 5, 1, 10
2015/7/11, 71, , , 5, , 9
2015/7/12, 75, , , 5, 1, 1
2015/7/13, 78, , , 4, 1, 3
2015/7/14, 79, , , 4, 8, 7
2015/7/15, 77, , , 4, 1, 8
2015/7/16, 73, , , 4, 3, 6
2015/7/17, 77, , , 4, 3, 5
2015/7/18, 76, , , 3, 1, 3
2015/7/19, 61, , , 4, 7, 5
2015/7/20, 54, , , 4, 1, 9
2015/7/21, 73, , , 3, 1, 4
2015/7/22, 70, , , 3, 3, 6
2015/7/23, 55, , , 4, 14, 2
2015/7/24, 93, , , 3, 10, 4
2015/7/25, 76, , , 3, 1, 7
2015/7/26, 61, , , 3, 4, 2
2015/7/27, 61, , , 4, 4, 5
2015/7/28, 68, , , 6, 4, 7
2015/7/29, 66, , , 5, 2, 11
2015/7/30, 79, , , 5, 1, 5
2015/7/31, 70, , , 4, 1, 2
2015/8/1, 70, , , 3, 1, 2
2015/8/2, 55, , , 4, 1, 2
2015/8/3, 75, , , 3, 1, 7
2015/8/4, 60, , , 3, 1, 5
2015/8/5, 68, , , 4, 4, 6
2015/8/6, 68, , , 1, 2, 5
2015/8/7, 77, , , 1, 2, 2
2015/8/8, 103, , , , 1, 4
2015/8/9, 59, , , 1, 4, 5
2015/8/10, 76, , , 1, 4, 2
2015/8/11, 77, , , 1, 4, 6
2015/8/12, 66, , , , 1, 3
2015/8/13, 62, , , 1, 3, 2
2015/8/14, 68, , , 2, 1, 4
2015/8/15, 59, , , 5, 1, 5
2015/8/16, 64, , , 6, 1, 9
2015/8/17, 60, , , 7, 2, 4
2015/8/18, 84, , , 7, 5, 5
2015/8/19, 98, , , 5, 2, 9
2015/8/20, 85, , , 5, 9, 3
2015/8/21, 75, , , 4, , 7
2015/8/22, 45, , , 4, , 
2015/8/23, 84, , , 6, , 5
2015/8/24, 128, , , 4, , 6
2015/8/25, 56, , , 6, , 4
2015/8/26, 77, , , 4, , 5
2015/8/27, 59, , , 4, , 4
2015/8/28, 62, , , 7, , 2
2015/8/29, 78, , , 5, , 4
2015/8/30, 67, , , 6, , 4
2015/8/31, 72, , , 6, , 3
2015/9/1, 85, , , 6, 1, 6
2015/9/2, 77, , , 6, 1, 6
2015/9/3, 82, , , 6, , 8
2015/9/4, 91, , , 8, 1, 12
2015/9/5, 89, , , 5, , 4
2015/9/6, 52, , , 4, 1, 4
2015/9/7, 55, , , 5, 6, 13
2015/9/8, 103, , , 5, 3, 5
2015/9/9, 81, , , 5, 1, 8
2015/9/10, 76, , , 6, 1, 7
2015/9/11, 68, , , 6, 1, 2
2015/9/12, 76, , , 5, , 1
2015/9/13, 61, , , 5, , 2
2015/9/14, 72, , , 5, 1, 3
2015/9/15, 65, , , 5, , 3
2015/9/16, 62, , , 5, , 5
2015/9/17, 61, , , 5, 1, 3
2015/9/18, 66, , , 6, 2, 7
2015/9/19, 72, , , 5, , 8
2015/9/20, 49, , , 10, 2, 10
2015/9/21, 79, , , 17, 1, 19
2015/9/22, 94, , , 22, 1, 19
2015/9/23, 98, , , 16, 1, 19
2015/9/24, 102, , , , , 
2015/9/27, 74, , , 22, , 21
2015/9/28, 73, , , 20, 1, 21
2015/9/29, 116, , , 16, , 18
2015/9/30, 89, , , 16, , 19
2015/5/13, 54, , , 4, 5, 4
2015/5/14, 93, , , 5, 1, 4
2015/5/15, 64, , , 5, 3, 3
2015/5/16, 68, , , 5, 3, 3
2015/5/17, 28, , , 3, 6, 6
2015/5/18, 76, , , 5, 2, 3
2015/5/19, 72, , , 5, 5, 3
2015/5/20, 74, , , 6, 3, 5
2015/5/21, 63, , , 5, 3, 7
2015/5/22, 91, , , 4, 4, 5
2015/5/23, 75, , , 5, 31, 1
2015/5/24, 75, , , 3, 3, 3
2015/5/25, 76, , , 2, 2, 5
2015/5/26, 84, , , 3, 1, 6
2015/5/27, 102, , , 4, 2, 6
2015/5/28, 67, , , 9, 1, 29
2015/5/29, 71, , , 6, 23, 11
2015/5/30, 74, , , 2, 7, 14
2015/5/31, 106, , , , 2, 24
2015/6/1, 71, , , , 3, 15
2015/6/2, 74, , , , 5, 11
2015/6/3, 59, , , , 3, 11
2015/6/4, 81, , , , 3, 11
2015/6/5, 72, , , 7, 4, 6
2015/6/6, 54, , , 15, 11, 10
2015/6/7, 39, , , 19, 4, 9
2015/6/8, 50, , , 12, 13, 9
2015/6/9, 52, , , 12, 13, 9
2015/6/10, 47, , , 10, 5, 14
2015/6/11, 59, , , 7, 7, 9
2015/6/12, 66, , , 1, 8, 9
2015/6/13, 61, , , 3, 12, 8
2015/6/14, 54, , , 4, 1, 15
2015/6/15, 57, , , 4, 1, 10
2015/6/16, 81, , , 4, , 14
2015/6/17, 70, , , 4, , 12
2015/6/18, 71, , , 6, , 5
2015/6/19, 51, , , 10, 11, 9
2015/6/20, 67, , , 8, 8, 10
2015/6/21, 94, , , 5, , 3
2015/6/22, 77, , , 11, 10, 7
2015/6/23, 76, , , 2, 14, 11
2015/6/24, 53, , , 1, 2, 2
2015/6/25, 55, , , 1, 3, 11
2015/6/26, 59, , , 1, 3, 3
2015/6/27, 85, , , 1, 4, 2
2015/6/28, 76, , , 1, 1, 5
2015/6/29, 84, , , 1, 11, 1
2015/6/30, 98, , , 1, 5, 29
2021/2/26, , 57, 23, 13, 1, 9
2015/1/29, , 48, , 2, 1, 
2015/1/30, , 48, , , , 
2015/2/2, , 50, , 2, 5, 
2015/2/3, , 64, , 3, 6, 2
2015/2/4, , 57, , 2, 2, 1
2015/2/5, , 47, , 2, 1, 6
2015/2/6, , 47, , 2, , 
2015/2/11, , 38, , 3, 45, 8
2015/2/12, , 51, , 9, 11, 6
2015/2/13, , 43, , 3, 4, 8
2015/2/14, , 76, , 7, , 
2015/2/16, , 40, , 2, , 
2015/2/21, , 59, , 4, , 1
2015/2/22, , 64, , 5, , 
2015/2/23, , 44, , 2, 2, 10
2015/2/24, , 34, , 5, 5, 14
2015/2/25, , 44, , 14, 7, 9
2015/2/26, , 59, , 7, 5, 12
2015/2/27, , 51, , 6, 1, 9
2015/2/28, , 15, , 5, , 6
2015/3/1, , 12, , 7, , 
2015/3/2, , 12, , 3, , 
2015/3/4, , 17, , 3, , 
2015/3/10, , 39, , 10, 1, 3
2015/3/11, , 39, , 11, 1, 3
2015/3/12, , 40, , 13, 2, 3
2015/3/13, , 28, , 7, , 
2015/3/16, , 733, , 5, 84, 1
2015/3/17, , 38, , 8, 2, 6
2015/3/18, , 24, , 16, 5, 5
2015/3/19, , 40, , 18, , 11
2015/3/20, , 12, , 16, , 
2014/10/22, , 5, , 2, 76, 
2014/11/3, , 52, , 2, 1, 4
2014/11/6, , 65, , 6, , 6
2014/11/7, , 71, , 6, , 7
2014/11/13, , 11, , 2, 2, 4
2014/11/19, , 60, , , , 8
2014/11/20, , 39, , 1, , 3
2014/11/21, , 57, , 1, , 5
2014/11/25, , 64, , 9, 1, 7
2014/11/26, , 73, , 7, 1, 6
2014/11/27, , 68, , 8, 28, 6
2014/11/28, , 60, , 3, 47, 8
2014/12/4, , 87, , 13, 13, 5
2014/12/5, , 60, , 10, 2, 5
2014/12/6, , 52, , 7, 1, 5
2014/12/7, , 52, , 2, 1, 4
2014/12/8, , 56, , 2, 2, 4
2014/12/9, , 59, , 1, , 4
2014/12/10, , 60, , , , 2
2014/8/7, , 424, , 9, 85, 3
2014/9/3, , 429, , 9, 74, 
2014/4/3, , 14, , 5, 6, 
2014/4/5, , 6, , 5, 3, 
2014/4/7, , 21, , 5, 1, 4
2014/4/8, , 17, , 5, 2, 3
2014/4/9, , 12, , 5, 2, 3
2014/4/11, , 10, , 6, 2, 7
2014/4/12, , 27, , 6, 2, 
2014/4/15, , 5, , 6, 2, 6
2014/4/16, , 10, , 6, 2, 2
2014/4/17, , 9, , 6, 5, 5
2014/4/18, , 5, , 6, , 3
2014/4/19, , 4, , 6, 2, 5
2014/4/20, , 11, , 6, 3, 
2014/4/22, , 7, , 6, 3, 3
2014/4/23, , 4, , 6, 2, 4
2014/4/24, , 4, , 6, 2, 2
2014/4/25, , 4, , 6, 2, 3
2014/4/26, , 5, , 6, 2, 4
2014/4/27, , 4, , 6, 2, 3
2014/4/28, , 6, , 6, 2, 
2014/5/7, , 4, , 6, 2, 
2014/5/19, , 4, , , 2, 
2014/5/21, , 4, , , 2, 
2014/6/5, , 4, , 14, 1, 2
2014/6/7, , 21, , 14, 2, 2
2014/6/12, , 14, , 14, 2, 1
2014/6/15, , 2, , 14, 1, 4
2014/6/16, , 8, , 14, 5, 3
2014/6/17, , 9, , 15, 2, 3
2014/6/29, , 2, , 14, 4, 5
2014/1/1, , 58, , 5, 2, 1
2014/1/2, , 58, , 5, 2, 3
2014/1/3, , 66, , 5, 2, 6
2014/1/4, , 65, , 5, 2, 3
2014/1/5, , 48, , 5, 2, 6
2014/1/6, , 51, , 5, 2, 2
2014/1/7, , 61, , 5, 2, 3
2014/1/8, , 56, , 5, 2, 4
2014/1/9, , 66, , 5, 2, 5
2014/1/10, , 65, , 5, 3, 
2014/1/11, , 75, , , , 
2014/1/17, , 67, , 5, 2, 
2014/1/18, , 71, , 5, 2, 1
2014/1/19, , 56, , 5, 2, 1
2014/1/20, , 61, , 5, 2, 1
2014/1/21, , 66, , 5, 2, 
2014/1/22, , 64, , 5, 2, 2
2014/1/23, , 56, , 5, 3, 2
2014/1/24, , 50, , , , 
2014/1/26, , 61, , , , 
2014/1/28, , 64, , 5, 2, 1
2014/1/29, , 51, , 5, 2, 1
2014/1/30, , 52, , 5, 2, 3
2014/1/31, , 70, , 5, 2, 1
2014/2/1, , 58, , 5, 2, 
2014/2/2, , 61, , 5, 3, 3
2014/2/3, , 71, , 6, 3, 6
2014/2/4, , 61, , 5, 4, 8
2014/2/5, , 77, , 5, 4, 10
2014/2/6, , 64, , 5, 3, 8
2014/2/7, , 64, , , , 
2014/2/10, , 73, , 5, 4, 3
2014/2/11, , 62, , 5, 4, 3
2014/2/12, , 64, , 5, 8, 5
2014/2/13, , 67, , 6, 5, 5
2014/2/14, , 75, , 6, 2, 
2014/2/15, , 83, , , , 
2014/2/17, , 44, , 6, 3, 5
2014/2/18, , 64, , 6, 2, 5
2014/2/19, , 63, , 6, 2, 2
2014/2/20, , 65, , 6, 3, 4
2014/2/21, , 73, , , , 
2014/2/24, , 64, , 6, 3, 7
2014/2/25, , 459, , 6, 4, 11
2014/2/26, , 49, , , , 
2014/2/28, , 46, , , , 
2014/3/2, , 35, , , , 
2014/3/14, , 426, , , , 
2014/3/24, , 68, , 6, 3, 5
2014/3/25, , 85, , 6, 2, 5
2014/3/26, , 86, , 6, 2, 5
2014/3/27, , 78, , 6, 3, 3
2014/3/28, , 86, , 6, 5, 18
2014/3/29, , 68, , , , 
2020/9/28, , , , 5, 1, 9
2020/3/31, , , , 2, 1, 6
2020/5/5, , , , 3, 1, 8
2020/5/10, , , , 3, 1, 8
2019/12/31, , , , 13, 1, 10
2019/10/4, , , , 19, 1, 13
2019/7/8, , , , 11, 2, 10
2019/8/13, , , , 13, 1, 7
2019/9/4, , , , 10, 2, 11
2019/9/8, , , , 10, 1, 7
2019/9/15, , , , 12, 1, 11
2019/5/8, , , , 9, 1, 8
2019/6/3, , , , 8, , 6
2019/6/10, , , , 14, 5, 7
2018/12/31, , , , 17, 4, 7
2018/12/14, , , , 16, 5, 6
2018/8/2, , , , 7, 1, 5
2018/9/17, , , , 7, 4, 3
2018/2/12, , , , 4, 5, 9
2018/3/11, , , , 6, 4, 6
2017/12/5, , , , 9, 2, 11
2017/12/13, , , , 8, 1, 9
2017/12/14, , , , 8, 2, 9
2017/12/18, , , , 12, 2, 10
2017/12/19, , , , 98, 2, 10
2017/12/20, , , , 103, 2, 9
2017/12/21, , , , 80, 1, 9
2017/12/22, , , , 39, 2, 10
2017/12/23, , , , 14, 1, 9
2017/12/24, , , , 17, 2, 10
2017/12/25, , , , 8, 1, 10
2017/12/26, , , , 23, 1, 10
2017/12/27, , , , 24, 2, 10
2017/12/28, , , , 19, 2, 10
2017/12/29, , , , 12, 1, 10
2017/7/7, , , , 11, , 
2017/8/13, , , , 10, 2, 3
2017/9/11, , , , 11, 2, 7
2017/4/12, , , , 11, 1, 2
2017/4/16, , , , 13, 2, 3
2017/4/30, , , , 8, 1, 4
2017/1/1, , , , 12, 4, 5
2017/1/22, , , , 15, 3, 4
2017/1/29, , , , 20, 2, 4
2016/10/3, , , , 10, 2, 4
2016/10/16, , , , 10, 7, 10
2016/10/19, , , , 8, 5, 10
2016/11/20, , , , 21, 3, 17
2016/7/8, , , , 4, 4, 2
2016/7/9, , , , 4, 1, 3
2016/7/11, , , , 3, 3, 2
2016/7/12, , , , 2, 1, 3
2016/7/13, , , , 2, 3, 3
2016/7/14, , , , 2, 1, 2
2016/7/16, , , , 2, , 3
2016/7/17, , , , 1, 2, 4
2016/7/23, , , , 2, , 11
2016/7/26, , , , 1, 2, 4
2016/8/6, , , , 7, 1, 3
2016/8/26, , , , 1, 3, 5
2016/9/9, , , , 3, 4, 5
2016/9/12, , , , 2, 1, 5
2016/9/18, , , , 15, 1, 4
2016/9/25, , , , 8, 2, 4
2016/9/27, , , , 9, 5, 5
2016/4/13, , , , 2, 1, 10
2016/4/14, , , , 1, , 10
2016/4/15, , , , 1, , 9
2016/5/21, , , , 3, 2, 10
2016/5/22, , , , 3, 3, 7
2016/5/23, , , , 2, 2, 5
2016/5/24, , , , 5, 6, 6
2016/5/25, , , , 4, 7, 7
2016/5/26, , , , 4, 5, 7
2016/5/27, , , , 5, 3, 6
2016/5/28, , , , 4, 1, 8
2016/5/29, , , , 11, 4, 13
2016/6/16, , , , 14, 11, 8
2016/6/26, , , , 11, , 2
2016/1/15, , , , 21, 5, 13
2016/2/18, , , , 11, 1, 7
2016/3/12, , , , 8, , 6
2016/3/23, , , , 6, , 8
2016/3/26, , , , 24, 6, 6
2015/10/12, , , , 37, 1, 9
2015/11/3, , , , 5, 2, 10
2015/11/17, , , , 3, 1, 8
2015/11/29, , , , 2, 1, 2
2016/1/2, , , , 27, 3, 8
2015/9/26, , , , 14, , 20
2015/4/2, , , , 14, 1, 2
2015/4/3, , , , 2, 3, 7
2015/4/4, , , , 15, 1, 4
2015/4/5, , , , 9, 1, 4
2015/4/6, , , , 2, 5, 4
2015/4/7, , , , 6, 14, 5
2015/4/8, , , , 3, 11, 3
2015/4/9, , , , 7, 2, 2
2015/4/10, , , , 3, 1, 7
2015/4/11, , , , 3, 1, 5
2015/4/12, , , , 2, 7, 9
2015/4/13, , , , 1, 11, 
2015/4/15, , , , , 2, 5
2015/4/16, , , , 6, 4, 3
2015/4/17, , , , 2, 1, 5
2015/4/18, , , , 2, 3, 4
2015/4/19, , , , 3, 3, 5
2015/4/20, , , , 3, 3, 2
2015/4/21, , , , 2, 2, 3
2015/4/22, , , , 2, 118, 
2015/4/23, , , , 2, 38, 
2015/4/24, , , , 10, 2, 7
2015/4/25, , , , 5, , 10
2015/4/26, , , , 7, 1, 6
2015/4/27, , , , 7, 25, 9
2015/4/28, , , , 3, 6, 4
2015/4/29, , , , 3, 115, 
2015/4/30, , , , 2, , 
2015/5/1, , , , 2, 49, 
2015/5/2, , , , 1, 88, 9
2015/5/3, , , , 8, 7, 10
2015/5/4, , , , 16, 7, 10
2015/5/5, , , , 9, 3, 3
2015/5/6, , , , 7, 19, 4
2015/5/7, , , , 5, 3, 4
2015/5/8, , , , 4, 17, 4
2015/5/9, , , , 4, 32, 2
2015/5/10, , , , 5, 2, 2
2015/5/11, , , , 4, 38, 4
2015/5/12, , , , 5, 2, 4
2015/1/1, , , , 5, , 
2015/1/2, , , , 6, , 
2015/1/3, , , , 5, , 
2015/1/5, , , , 11, , 
2015/1/6, , , , 4, , 
2015/1/8, , , , 2, , 
2015/1/9, , , , 7, , 
2015/1/10, , , , 1, , 
2015/1/11, , , , 6, , 
2015/1/12, , , , 9, , 
2015/1/13, , , , 14, , 
2015/1/14, , , , 14, , 
2015/1/15, , , , 8, , 
2015/1/16, , , , 2, , 
2015/1/19, , , , 4, , 
2015/1/20, , , , 3, , 
2015/1/21, , , , 2, , 
2015/1/22, , , , 2, , 
2015/1/23, , , , 1, , 
2015/1/24, , , , , , 
2015/2/8, , , , 1, , 
2015/2/18, , , , 3, 56, 
2015/2/19, , , , 3, 192, 
2015/2/20, , , , 2, 7, 8
2015/3/23, , , , 14, 4, 10
2015/3/24, , , , 9, 7, 
2015/3/25, , , , 13, , 5
2015/3/26, , , , 14, 1, 7
2015/3/27, , , , 19, 1, 6
2015/3/28, , , , 7, , 
2015/3/31, , , , 4, , 
2014/10/13, , , , 4, 58, 
2014/10/14, , , , 1, 59, 
2014/10/18, , , , 3, 215, 
2014/10/21, , , , 2, 129, 
2014/10/24, , , , 2, 123, 
2014/11/18, , , , 1, 2, 
2014/12/3, , , , 2, 46, 1
2014/12/13, , , , 1, 4, 5
2014/12/14, , , , 2, 5, 5
2014/12/15, , , , 3, 2, 4
2014/12/16, , , , 4, 2, 4
2014/12/17, , , , 3, 3, 1
2014/12/19, , , , 5, 26, 
2014/12/22, , , , 6, 5, 
2014/12/24, , , , 6, , 
2014/12/26, , , , 4, , 
2014/7/1, , , , 14, 2, 1
2014/4/2, , , , 5, 6, 43
2014/4/10, , , , 6, 2, 3
2014/5/25, , , , 10, 2, 
2014/5/27, , , , 10, 2, 
2014/6/1, , , , 17, 2, 
2014/6/4, , , , 14, , 6
2014/6/6, , , , 14, 2, 3
2014/6/8, , , , 14, 2, 5
2014/6/9, , , , 14, 2, 
2014/6/10, , , , 14, 7, 
2014/6/13, , , , 18, 1, 6
2014/6/14, , , , 14, 2, 5
2014/6/18, , , , 14, 2, 5
2014/6/19, , , , 14, , 2
2014/6/20, , , , 14, 4, 3
2014/6/21, , , , 14, 4, 3
2014/6/22, , , , 14, 1, 8
2014/6/27, , , , 14, 3, 2
2014/6/28, , , , 14, 8, 3
2014/6/30, , , , 14, 2, 1
2013/12/31, , , , 5, 2, 2
2014/1/16, , , , 5, 2, 
2014/1/25, , , , 5, 2, 
2014/1/27, , , , 5, 2, 11
2014/2/9, , , , 5, 5, 9
2014/2/16, , , , 6, 4, 9
2014/2/23, , , , 6, 4, 6
2014/2/27, , , , 6, 17, 1
2014/3/1, , , , 6, 3, 1
2014/3/13, , , , 6, 116, 1
2014/3/23, , , , 6, 3, 8
2014/4/1, , , , 6, 8, 
2014/4/4, , , , 5, 3, 
2017/12/15, , , , , 2, 9
2017/12/16, , , , , 2, 8
2017/12/17, , , , , 2, 9
2015/1/28, , , , , , 1
2015/2/1, , , , , 4, 2
2015/2/7, , , , , 5, 7
2015/2/10, , , , , , 6
2015/2/15, , , , , 2, 3
2015/2/17, , , , , 135, 
2015/3/3, , , , , 11, 6
2015/3/9, , , , , 1, 3
2015/3/22, , , , , 1, 7
2015/3/30, , , , , 2, 2
2015/4/1, , , , , 2, 13
2014/10/6, , , , , 112, 
2014/10/20, , , , , 67, 
2014/9/16, , , , , 166, 
2014/6/23, , , , , , 6
2014/6/24, , , , , 4, 5
2014/6/25, , , , , , 
2015/3/15, , , , , , 
2014/10/9, , , , , , 
2014/4/6, , , , , , 10
2014/4/14, , , , , , 3
2014/4/21, , , , , , 2
2014/5/6, , , , , , 4
2014/5/18, , , , , , 3
2014/5/20, , , , , , 2
2014/5/24, , , , , , 2
2014/5/26, , , , , , 7
2014/5/31, , , , , , 6
2014/6/3, , , , , , 5
2014/6/11, , , , , , 2
2014/6/26, , , , , , 3