T,TM,Tm,H,PP,VV,V,VM,PM_2_5
24.2,32,21.9,71,2.54,6.9,0.2,1.9,54.0
24.9,29.6,21.6,71,0.25,6.9,1.9,3.5,93.0
24.9,31.2,22.2,77,0,6.3,3.1,7.6,64.0
24.8,32,20.2,78,0,6.3,4.6,11.1,72.0
26.3,33,19.1,76,39.12,6.9,5.2,7.6,74.0
26.6,33,22.5,75,0,6.9,7.6,18.3,63.0
27.3,33.3,22.3,63,0,6.3,5.6,9.4,76.0
27.1,33,22.3,66,0,6.3,5.2,9.4,84.0
25.2,32.2,19.2,72,0,6.9,6.5,9.4,102.0
24.2,32.2,19.9,81,0,6.6,5.4,9.4,106.0
24.3,31,19.9,77,0,6.6,3.7,7.6,71.0
24.5,31,20.7,78,0,6.9,4.8,7.6,74.0
24.6,30.5,21.2,81,0.25,6.9,2.4,5.4,59.0
26.2,32,21.6,65,0,6.9,7.4,14.8,39.0
25.4,31.2,21.3,72,0.51,6.9,7.8,14.8,50.0
24.7,31.2,21.2,76,3.05,6.9,6.3,9.4,52.0
23.7,29.7,20.5,80,0.51,6.9,5,7.6,61.0
22.6,29.7,20.1,84,18.54,6.9,5.7,11.1,54.0
24.1,29,19.8,72,0,5.8,5.4,11.1,57.0
23.1,27.4,21.2,83,0,5.5,8.1,14.8,51.0
23.2,28.3,20.8,80,1.78,6.3,12,16.5,67.0
22.7,28.3,20.6,85,0.51,5.5,6.9,11.1,94.0
24.5,30.6,21.1,78,0.51,6.9,8.3,11.1,55.0
23.7,30.6,21.4,81,0,6.9,8.9,11.1,59.0
24.1,29,20.4,76,0,6.9,12.2,18.3,85.0
24.6,30.7,20.6,71,0,6.9,5.2,7.6,69.0
24.2,30.3,20.4,75,0,6.3,8.1,14.8,77.0
24.6,30.2,20.4,76,0,6.3,5.7,7.6,65.0
23.7,30.7,19.3,74,3.05,6.9,6.9,11.1,78.0
23.8,30.6,20.2,76,0,6.9,6.7,14.8,71.0
24,29.2,20.8,78,7.11,6.3,6.9,11.1,60.0
25.4,31.6,20.8,71,0,6.9,6.5,11.1,78.0
25.2,31.6,21.4,73,0,6.9,6.5,11.1,79.0
23.9,30,21.2,77,0,6.9,7.8,11.1,77.0
21.8,29.8,20,86,12.19,4.8,8.1,14.8,61.0
22.6,29,18.8,84,2.03,5.3,6.1,9.4,54.0
22.4,29,20.1,88,26.16,5.5,4.3,9.4,73.0
23.2,28.1,20.1,83,1.02,6.9,6.1,11.1,76.0
23.3,27.8,20.4,79,0,6.9,6.3,9.4,61.0
23.4,28,20.8,79,0,5.5,8.3,11.1,61.0
23.9,29.9,20,76,0,6.9,5,7.6,70.0
23.7,30.3,20.6,76,0.25,6.9,5.2,7.6,70.0
24,30.3,20.6,75,3.05,6.9,6.5,9.4,55.0
23.6,28.8,21,77,0,6.3,5.9,11.1,75.0
22.6,29.3,20.3,83,0.25,5.5,5.7,9.4,77.0
23.6,28.5,20.4,79,0,6.3,6.1,7.6,103.0
23.3,28.5,20.6,80,2.03,6.9,3.7,7.6,59.0
23.4,27.6,20,83,0,6.9,5.6,9.4,62.0
24.6,29.4,20.7,77,0,6.3,4.8,9.4,68.0
25.2,31.1,20.5,72,0,6.9,5.2,9.4,59.0
25.6,31.2,22.3,79,0.76,6.9,3.3,5.4,98.0
25.3,31.6,22.4,74,0,6.3,3.9,9.4,85.0
23.4,31.6,21,80,0.76,6.9,3.3,11.1,75.0
24.4,29.6,19.7,67,0,6.9,3.1,7.6,56.0
23.8,30.1,19.6,71,0,6.3,3.9,7.6,77.0
22.5,30.1,20.3,86,1.78,6.3,4.6,7.6,59.0
25.1,29.7,20.8,69,-,6.9,4.3,5.4,72.0
25.5,31,21.1,66,0.51,7.7,3.1,5.4,85.0
25.4,31,21.6,67,0,6.9,2.8,5.4,77.0
25.7,31.7,22,70,-,6.6,2,3.5,82.0
22.4,30.8,20,87,37.08,6,3,5.4,55.0
23,28.5,19.8,82,36.58,6.9,5.9,7.6,103.0
22.9,27.6,20.5,82,0,6.9,5.6,9.4,81.0
23.7,29.7,19.3,75,5.08,7.7,5.6,9.4,61.0
23.5,29.7,19.4,76,0,6.3,7.8,11.1,72.0
23.1,28,19.3,75,0,6.3,9.4,18.3,65.0
24.2,29.4,20.2,76,0,6.3,3.7,11.1,72.0
22.9,29.4,20.4,83,0,5.5,6.3,11.1,49.0
23.6,29.4,19.2,77,7.11,6.9,2.8,7.6,79.0
23.8,31.6,20.2,78,0.51,6,2.4,5.4,74.0
24.5,30,21,77,0.51,6.9,2,5.4,87.0
24.6,30,21.7,78,2.54,6.3,3.5,5.4,70.0
24.7,29.8,21.3,77,0.25,6.9,3.9,9.4,56.0
24.2,30.2,20.3,79,6.6,6.9,3.9,9.4,56.0
24,30.2,20.9,77,4.32,6.9,3.5,5.4,57.0
24.3,29.4,20.6,75,0,6.9,7.2,11.1,54.0
25.1,31,21.2,62,0,6.9,1.9,3.5,69.0
25.1,32.1,19.6,52,0,6.9,2.2,3.5,68.0
25.2,32.1,19.7,59,0,6.9,0.7,3.5,125.0
25.6,31.8,20.6,62,0,6.9,3.5,5.4,164.0
25.5,31.4,21.5,63,0,5.5,2,5.4,152.0
24.9,30.6,21.4,61,0,6.3,2,5.4,134.0
24.2,31.8,17.8,60,0,6.3,3.5,5.4,129.0
24.4,29.8,20,62,0,6.9,3,5.4,150.0
24.4,29.6,20.6,67,-,6.9,0.9,3.5,130.0
24.7,30.8,20.6,72,0,7.7,1.3,3.5,145.0
23.4,29.5,21.7,83,1.02,6.3,0,-,119.0
23.1,30.9,20,83,51.05,5.5,1.1,5.4,76.0
23.7,28.5,20.8,69,0,6.6,1.5,3.5,112.0
23,28.5,19.3,76,0,6.3,0.9,3.5,111.0
20.2,27.3,18.4,92,0,4,3.5,5.4,128.0
19.3,24.6,17,88,14.22,6.3,0.7,3.5,3.0
20.2,24.8,16.1,75,0,5.5,0.9,3.5,4.0
21.7,24.6,19.5,90,14.48,4,1.9,3.5,54.0
22,26.4,19.8,87,0.51,5.8,2.2,5.4,55.0
21.9,26.4,19.6,85,14.22,6.9,2,5.4,59.0
21.4,27.5,17.5,66,0,6.9,0.2,1.9,91.0
22.6,28,17.7,74,0,6.3,0,-,110.0
22.7,28.9,18.6,64,0,6.9,1.3,3.5,110.0
21.1,23.8,19.8,91,0,6.3,0.7,5.4,51.0
21,23.9,19.6,93,1.02,6.3,0.9,3.5,63.0
21.5,24.9,18.9,87,2.79,6.9,0.9,3.5,44.0
22.3,28.7,17.5,70,0,6.3,1.3,5.4,114.0
21.5,28.7,17,68,0,6.3,2.2,5.4,132.0
21.4,28.2,18.4,83,0.51,5.8,1.1,3.5,130.0
24.1,30.9,20.4,70,0,6.9,2,5.4,115.0
23.6,30.9,19.6,79,0,6.3,2.8,5.4,166.0
23.3,29.9,20,71,0,6.3,1.9,3.5,131.0
22.4,28.3,18.9,71,0,6.3,2.2,5.4,120.0
22.2,28.4,18.8,73,0,6.9,1.9,5.4,111.0
22.2,28.8,18.3,65,0,6.9,2.4,5.4,96.0
21.8,29.3,16.3,65,0,6.3,1.5,3.5,160.0
21.8,28.2,18.2,67,0,6,2.4,5.4,151.0
21.8,27.7,17.9,72,0,5.3,2.8,5.4,169.0
-,-,-,-,-,-,-,-,155.0
21.4,29,13.7,45,0,6.3,0.4,3.5,140.0
21,28.7,17,65,0,6.3,3.1,5.4,155.0
20.4,27.6,16.2,61,0,5.5,1.3,5.4,166.0
20.7,28.4,15.1,47,0,6.3,0.9,3.5,159.0
20.3,28.5,15.7,51,0,6.3,0.7,3.5,168.0
21.1,27.2,15,51,0,6.3,3.5,5.4,178.0
21.4,28.4,17.8,73,0.51,4.8,3,5.4,175.0
21.2,25.9,19.4,88,0.51,4,1.3,3.5,163.0
22.6,27.4,19,78,4.32,5.3,2.8,7.6,140.0
22.9,29.2,18.5,70,0,5.5,2.6,7.6,153.0
23.1,28.9,18.9,68,0,6.3,0.9,3.5,153.0
23.4,29.3,19,66,0,4.8,1.1,3.5,153.0
23.1,30.7,16.4,43,0,6.3,1.5,5.4,211.0
23.3,31.4,16.4,36,0,6.9,0.9,3.5,172.0
23.7,31.9,16.3,35,0,6.9,0.9,3.5,158.0
23.6,32.2,16.2,44,0,6.3,1.5,5.4,166.0
23.2,31.2,17.3,61,0,5.6,1.1,3.5,183.0
25.2,30.5,19.2,50,0,6.9,1.5,37,176.0
24.3,31.7,18.6,50,0,6.3,0.4,3.5,176.0
24.8,31.9,19.5,49,0,5.5,2.4,3.5,177.0
24,32.1,19,48,0,6.3,2.2,5.4,162.0
23.1,31.2,17.3,54,0,6.6,2.8,5.4,162.0
24.8,29.9,18,44,0,6.9,1.3,3.5,160.0
26.2,32.5,19.6,50,0,6.9,1.9,3.5,155.0
26.9,33.2,20.2,50,0,7.4,0.6,3.5,162.0
26.4,33.4,22.3,59,0,5.5,3,5.4,184.0
24.9,33.5,20.5,58,0,6.3,2.4,5.4,168.0
24.9,31.3,18.7,51,0,6.9,2.4,5.4,145.0
24.6,30.7,18.9,55,0,6.9,2.8,5.4,152.0
24.6,31.5,19.7,52,0,6.9,2.8,5.4,155.0
25.3,31.7,19.6,49,0,6.3,3.1,5.4,169.0
25.4,33.4,18.7,46,0,6.9,1.9,3.5,162.0
25.7,33.2,18.8,43,0,6.3,1.5,5.4,159.0
26.7,34.3,19.5,44,0,6.9,0.6,3.5,171.0
27.8,35.4,22.7,57,0,6.3,2.4,5.4,173.0
28.3,34.3,24.4,58,0,5.5,3.9,7.6,181.0
26.2,34.4,22.4,66,0,6.3,2.2,3.5,167.0
29,35.2,23.3,46,0,7.4,3.1,3.5,207.0
28.8,35.4,23.5,41,0,6.9,0.4,3.5,291.0
29.2,36,24.7,45,0,6.9,1.1,3.5,233.0
27.8,35.1,20.7,33,0,6.9,2.8,5.4,122.0
28,35,23,44,0,6.9,1.3,3.5,155.0
28.3,34.8,23.2,43,0,7.7,0.4,3.5,146.0
28.4,35.3,23.5,46,0,6.9,1.1,3.5,152.0
28.6,35.5,23.8,46,0,6.9,2.2,5.4,146.0
29,35.4,24.3,53,0,7.4,1.9,5.4,125.0
28.7,36.3,23.1,60,-,6.9,1.3,3.5,103.0
28.6,35.3,24.5,55,0,6.9,2.8,3.5,103.0
29.8,36.6,24.6,51,0,6.9,2.4,5.4,94.0
30.4,36.8,24.8,49,0,6.9,2.8,5.4,99.0
30.3,37,24.3,46,0,6.9,3.1,7.6,101.0
27.5,39.2,23.2,64,-,6.9,1.1,5.4,97.0
29,37.1,22.8,48,0,7.7,1.5,5.4,86.0
29.6,35.5,23.4,39,0,6.9,2.2,7.6,85.0
30.5,36.6,24.4,41,0,6.9,1.3,3.5,81.0
29.3,37.3,24.7,51,0,6.9,3,5.4,95.0
29.8,36.6,24.5,47,0,7.7,2.2,3.5,96.0
27.2,34.6,21,62,46.48,6.3,0.7,5.4,80.0
25.6,33.7,21.4,72,0,6.3,3.1,9.4,74.0
27.4,34,21,58,4.83,6.9,0.4,3.5,61.0
28.3,34.6,22.3,57,1.78,6.9,0.2,1.9,103.0
28.9,34.6,23.5,58,0,6.9,0.9,3.5,119.0
28.8,35.1,24.6,51,0,6.9,0,-,119.0
24.6,28.9,20,78,30.23,6.9,3.9,5.4,99.0
25.3,30,19.6,78,34.29,6.9,5.6,9.4,125.0
25.3,31.2,22.2,76,0,6.9,3.9,7.6,90.0
25.4,31.5,21.5,75,-,6.9,5,7.6,66.0
24.4,33.3,21,82,20.32,6.9,3.9,5.4,67.0
23.7,28.2,20.8,78,1.27,6.9,4.1,7.6,97.0
23.3,29.9,20,82,1.27,6.3,5,7.6,88.0
22.7,28.5,20.4,82,3.3,6.9,4.6,7.6,94.0
22.5,28.2,20.8,84,-,6.9,5.7,7.6,74.0
23.2,27.6,20.2,80,0,6.3,8.3,11.1,105.0
23.8,28.2,19.9,76,0.76,6.9,8.1,11.1,107.0
23.6,28.8,20.2,78,0,6.3,9.1,11.1,76.0
23.6,26.7,20.3,78,7.11,6.3,8.7,11.1,59.0
22.9,28.3,20,77,0,6.3,4.1,7.6,115.0
22.6,28.4,20.1,81,3.3,6.3,5,7.6,88.0
21.9,27.7,19.6,82,23.11,7.7,5.7,11.1,82.0
23.9,29,20.4,81,0,6.9,4.6,9.4,54.0
24.1,29.1,20.7,82,24.89,6.3,3.3,7.6,71.0
22.4,26,19.4,82,10.41,6.9,6.1,7.6,63.0
22.2,27,19.8,78,0,6.3,7.4,11.1,66.0
22.9,27.2,19.3,71,0,8.5,8.3,11.1,71.0
22.1,27.6,19.1,76,-,6.9,9.8,14.8,72.0
23.3,28.3,20,75,-,6.9,7,9.4,36.0
23.5,28.2,20,76,-,6.9,8,11.1,67.0
23.8,27.8,20.5,73,0,7.7,6.7,11.1,79.0
24,29,20.6,77,-,6.3,5.9,11.1,75.0
22.9,28.2,20,77,-,6.9,4.1,5.4,78.0
23.5,28.8,19.5,74,4.32,7.7,5.9,9.4,54.0
23.9,29,20.3,71,0.25,6.9,6.7,9.4,105.0
24.4,30.2,20.4,71,0,6.9,5,9.4,128.0
24.3,30.1,20.4,74,1.78,6.9,4.1,5.4,104.0
23.1,29.3,21,77,15.24,6.3,4.1,7.6,96.0
23.3,28.7,21.2,79,0.25,6.9,5,7.6,71.0
22.4,27.2,20.4,87,0.25,5.5,5.4,7.6,86.0
23.2,26.6,20,82,2.79,7.4,5,7.6,97.0
22.6,26.7,20.6,82,0,6.3,5.2,7.6,74.0
23.7,27.2,20.4,75,0,6.9,6.1,11.1,96.0
23.1,27.2,18.8,69,0.51,7.7,4.3,5.4,90.0
23.9,28.6,19.3,67,0,6.9,5,7.6,90.0
23.6,26.5,20.5,75,0,6.3,5.2,7.6,80.0
23.8,27.8,20.4,76,-,6.9,4.6,5.4,60.0
22.9,28.6,20.5,79,0.51,6.3,5.6,9.4,6.0
24.4,29,19.8,68,0,6.9,6.3,11.1,74.0
23.2,30.6,19.7,71,0,6.9,6.7,9.4,96.0
22.7,27.4,20.2,76,0.25,6.9,7.4,11.1,63.0
24.1,28,20.5,76,0,6.9,5,7.6,158.0
23.2,29.7,19.6,72,0,6.3,4.6,7.6,156.0
24.6,31.6,19.7,60,0,6.3,3,5.4,117.0
24.6,30.6,19.8,65,0,6.3,5.2,7.6,100.0
23.9,31.3,19.6,70,-,6.3,5,5.4,68.0
23.6,29.3,20.1,72,2.54,5.3,1.5,3.5,75.0
24.8,29,21,59,0,6.9,1.3,3.5,43.0
23.9,30.6,19.4,54,0,6.9,1.9,3.5,49.0
24.6,31.1,19.1,50,0,6.9,1.5,3.5,166.0
24.9,31.2,19.1,50,0,6.3,2.8,3.5,173.0
24.8,31.3,19.8,49,0,6.3,0.9,3.5,184.0
24.2,31,18.4,52,0,6.9,0.7,5.4,176.0
25.2,30.8,19.4,45,0,7.4,1.1,3.5,166.0
24.5,30.7,20.1,68,-,6.3,4.1,5.4,129.0
23.7,30.6,20.8,72,-,5.5,2.2,7.6,91.0
24.1,29.1,20.1,66,1.52,6.3,2.2,3.5,122.0
25.2,30,20.9,61,0,6.9,2.6,7.6,138.0
24,31.5,18.7,49,0,6.9,2.2,3.5,127.0
23.4,30.6,18.8,48,0,6.9,3,7.6,156.0
22.5,30.3,17.7,49,0,6.9,2.8,7.6,142.0
-,-,-,-,-,-,-,-,156.0
24.1,30.9,20.4,68,0,5.5,4.3,5.4,157.0
24.6,30.1,20.3,61,0,6.9,2.6,7.6,102.0
24.3,30.4,19.6,65,0,6.9,3.7,7.6,106.0
22.9,30.5,18.1,47,0,6.9,3.5,5.4,134.0
22.9,31,16.6,40,0,7.7,2.8,3.5,135.0
23.4,31.5,15.9,33,0,7.4,2.2,5.4,130.0
22.6,31.5,15,39,0,6.9,0.9,3.5,118.0
23,32.5,14.2,39,0,6.3,1.3,3.5,136.0
21.6,30,17.6,58,-,6.9,3,3.5,134.0
21,26.9,18,86,5.08,5.5,2,5.4,118.0
21.1,26.9,18.9,88,4.32,6.3,4.1,5.4,68.0
22.1,28,15,59,0,6.3,2.4,5.4,131.0
22.8,29,18.4,61,0,6.6,1.9,5.4,113.0
22.6,29.5,16.2,42,0,6.9,1.9,3.5,132.0
18.9,25,17.7,97,60.71,4,4.3,5.4,230.0
20.3,22,18.6,90,4.32,4,3.9,5.4,121.0
21.8,26.5,17.9,70,0,6.3,3.7,7.6,99.0
22,28.9,16.7,57,0,6.3,2.8,5.4,160.0
21.8,29.4,15.6,67,0,6.9,3.5,5.4,135.0
22.6,29,17.7,63,0,5.8,1.3,3.5,142.0
20.6,30.5,14.7,62,0,6,2.2,3.5,151.0
21.8,29,14.8,46,0,5.8,1.5,3.5,147.0
21.5,30.4,14.9,42,0,6,3,5.4,136.0
-,-,-,-,-,-,-,-,141.0
21.6,27.7,17,59,0,6.8,2,3.5,111.0
22.3,29,16.1,48,0,6.9,2.8,3.5,73.0
20.9,29,16,66,0,5.5,2.2,3.5,146.0
20.9,27.8,16,62,0,6.3,3,5.4,125.0
21,28.5,15,58,0,6.8,3,5.4,129.0
21.2,28,16.9,66,0,5.5,2.2,3.5,153.0
20.7,28.3,17.2,61,0,6.3,2.2,3.5,121.0
20.7,27.2,15.5,61,0,6.3,3.3,5.4,107.0
20.4,28.2,15.8,64,0,6.3,2.8,7.6,98.0
21.7,27.6,15.3,64,0,6.3,3.5,5.4,120.0
21.7,28.9,18.5,68,0,6.3,5.2,11.1,112.0
22.6,30.3,16.7,52,0,6.3,3.1,5.4,127.0
21.9,29.2,18.3,75,-,4,3.7,7.6,111.0
22.1,26,19.7,79,0.25,6.3,3.5,5.4,107.0
23.9,31.7,18.2,54,0,6.9,2.8,7.6,111.0
23.1,32,16,46,0,6.9,3.3,3.5,151.0
23.5,31.5,16.4,40,0,7.7,3.1,3.5,149.0
22.7,31.7,16.7,50,0,6.9,3.1,5.4,128.0
23.9,30.9,16.1,36,0,6.9,3.1,5.4,141.0
23.8,32.2,16.6,37,0,6.3,3,7.6,134.0
23.4,32,15.8,35,0,6.9,3.1,5.4,132.0
22.1,29.6,15.8,54,0,6.9,4.3,5.4,96.0
22.6,28.8,17.4,61,0,6.3,3.5,5.4,109.0
23.1,29,17.3,45,0,6.9,3.9,5.4,120.0
23.7,31.2,16.8,42,0,6.9,1.5,5.4,122.0
24.6,31.8,17.7,38,0,6.3,1.9,3.5,141.0
25.9,33.4,19.3,41,0,6.3,2.4,5.4,146.0
26.7,35.5,19,31,0,5.5,1.9,3.5,124.0
25.8,34.9,20,41,0,6.9,3.3,5.4,114.0
24.3,33.3,19.1,36,0,6.9,4.3,9.4,129.0
24.2,32.5,16.9,29,0,6.9,3.3,7.6,133.0
24.4,32,15.7,33,0,6.9,3.9,5.4,127.0
25.8,32,18.2,43,0,6.9,3,5.4,117.0
26.2,33.1,21.5,60,-,6.9,3,5.4,111.0
25.6,33.8,21.1,62,36.83,6.9,0.4,3.5,104.0
26.7,32.5,21.2,54,0,6.9,2.8,5.4,133.0
26.6,34.3,22.2,57,-,6.9,3.3,3.5,148.0
25.2,34,22,67,2.54,6.9,3.1,5.4,103.0
25.3,30.4,20.8,57,0,6.9,3.9,7.6,88.0
28,35,22.4,45,0,6.9,3.1,5.4,127.0
28,36,23.2,48,0,6.9,3,5.4,138.0
27.4,34.8,22.4,49,0,6.9,2.4,3.5,132.0
28.1,35.6,20.6,25,0,6.9,1.9,3.5,147.0
28.6,37.2,21.6,28,0,6.9,2.8,5.4,143.0
28.3,36.1,21.2,28,0,6.9,2.4,5.4,139.0
29.2,35.4,22.1,30,0,6.9,2.8,5.4,165.0
28.6,35.8,22.5,34,0,6.9,2.8,5.4,155.0
28.9,36.3,21.9,40,0,6.9,3.1,3.5,150.0
29.4,35.6,23.5,39,0,6.9,3.9,5.4,154.0
28.6,35.5,22.5,49,0.51,6.9,3,5.4,109.0
30.1,36,24.5,39,0,6.9,3.5,5.4,126.0
29.4,36.5,24.4,43,0,8.5,3.5,3.5,105.0
29.3,37,24,31,0,6.9,1.9,3.5,142.0
28.8,36.5,23.2,36,0,6.9,4.1,7.6,150.0
29,35.6,22.6,38,0,6.9,3.9,5.4,157.0
28.9,35.6,23.5,53,0,6.9,4.1,5.4,131.0
26.6,35.7,23,65,0,6.9,4.3,7.6,116.0
26.9,35.2,21.7,60,1.02,6.3,4.4,5.4,103.0
27.5,37,22.6,53,-,6.9,4.8,7.6,116.0
28.7,37,22.5,47,1.02,6.9,1.3,3.5,143.0
29.1,35.6,24,48,0,6.9,3,5.4,140.0
26.8,35.6,20.5,48,0,6.9,3.9,9.4,103.0
27.6,35.1,22.3,49,0,6.9,3.3,7.6,115.0
28.2,34.2,23.3,51,0,6.9,2.8,3.5,154.0
27.3,36.6,21,55,-,6.3,3.1,7.6,117.0
26.9,37,20.8,59,0,6.9,2.8,3.5,115.0
26,33.2,22.5,67,-,6.9,3.1,7.6,158.0
28.1,33,23.7,60,0,6.9,2,5.4,141.0
27.1,33.8,22.5,63,0,6.9,5,7.6,147.0
27.1,35,21.8,58,2.54,6.3,6.9,18.3,105.0
26.2,35.5,19.4,67,20.07,6.9,4.3,7.6,116.0
26.8,33.7,20.2,61,0,6.9,4.8,9.4,129.0
26.1,35.1,19.9,70,40.89,6.9,4.6,7.6,104.0
27.6,34,21.9,67,0,8.5,4.3,7.6,102.0
26.2,33.3,21,75,0,6.9,6.1,9.4,107.0
23.1,33.1,20,84,83.31,6.3,5,7.6,86.0
24.9,31.2,20.8,74,0.51,6.9,6.3,9.4,96.0
26.1,31.5,20.8,69,0,6.9,4.4,5.4,88.0
26.4,32.1,21.8,70,0,6.9,6.3,9.4,91.0
25.7,32.4,22,70,0,6.9,6.3,7.6,96.0
23.9,31.2,22,71,-,6.9,7.4,9.4,94.0
25,29.6,21.5,67,0,6.9,7.4,9.4,84.0
23.4,29.6,21.1,77,0,6.9,8.1,14.8,100.0
24.2,27.5,20.7,78,1.02,6.9,7.2,9.4,92.0
25.8,29.7,22,66,1.02,6.9,7.4,11.1,87.0
25.1,31.2,21.5,67,0,6.9,7,9.4,106.0
23.4,29,20,76,3.56,6.9,5.2,9.4,92.0
24.2,28,21,83,0,6.9,5.7,7.6,97.0
24.6,29,20.8,75,0.25,6.9,7.8,9.4,90.0
23.8,29.4,20.6,77,-,6.9,8.9,14.8,84.0
24.2,29,20.4,71,0,7.4,11.9,18.3,97.0
23.6,29.5,20.4,73,361.19,7.4,10.9,14.8,112.0
24.6,29,19.3,69,-,6.9,8,11.1,85.0
25.2,29.7,20.5,66,0,6.9,7.2,11.1,91.0
23.8,29.9,20.9,76,-,6.9,7.6,14.8,83.0
23.2,27.4,20.4,78,2.54,6.9,4.4,7.6,391.0
24.4,28.2,20.2,68,0,6.9,5,9.4,104.0
22.9,28.5,20,75,1.52,7.4,7.6,51.9,96.0
22.9,27,20,73,0,6.9,9.4,14.8,104.0
22.2,27.2,20.2,80,-,6.9,11.1,14.8,102.0
22.2,26.6,20.6,87,-,6.9,10.2,14.8,84.0
23.5,26.7,20.6,66,9.4,6.9,9.1,11.1,87.0
23.8,28.7,19.7,74,0.76,6.9,8.1,11.1,108.0
25.2,30.3,20.5,65,-,6.9,7.2,9.4,120.0
25.4,30.5,20.5,64,0,6.9,9.1,14.8,115.0
24.4,30.2,20.5,71,-,6.9,8.3,14.8,119.0
24.9,30.7,22,75,1.27,5.8,3,7.6,95.0
25.2,30.5,21.4,67,8.38,6.9,4.8,11.1,105.0
25,31.5,21.6,69,1.78,6.9,5.7,9.4,101.0
24.3,31.2,20.3,72,0,6.9,8.9,14.8,96.0
25.7,30.2,21.2,65,0,6.3,7.2,11.1,100.0
25.8,31.2,22,66,-,6.9,5,14.8,101.0
23.8,31.3,21.5,79,1.02,6.9,5.6,11.1,108.0
24.8,27.6,21.6,67,0,6.9,1.9,5.4,220.0
22.3,28.3,19.2,84,128.78,6.9,2.2,7.6,81.0
22.6,28.9,20.3,84,5.33,6.3,6.7,14.8,89.0
22.3,28.6,20.3,86,13.21,6.9,8.1,11.1,82.0
23.6,27,20.3,78,3.3,6.9,7,9.4,84.0
22.8,26.8,20.5,86,31.75,4.8,6.3,9.4,229.0
23.8,28,20.8,77,0,6.9,9.1,11.1,74.0
22.3,28.5,21,89,0.25,4.8,7.6,14.8,63.0
24.9,29,20.5,73,-,6.4,4.8,9.4,111.0
23.7,30.6,19.8,84,71.88,6.3,4.1,7.6,305.0
22.6,27.8,20.8,92,33.02,4.8,1.9,5.4,210.0
23.2,27.3,19.9,87,21.84,5.5,3.7,7.6,34.0
25.3,31,22.2,72,0,6.9,4.6,7.6,57.0
24.8,30.6,21,75,-,6.9,5.9,11.1,55.0
23.7,31.1,21,78,2.29,6.9,6.3,7.6,52.0
23.1,27.2,20.4,75,0,6.3,11.7,14.8,52.0
23.2,27.7,19.4,68,0,6.9,10.9,18.3,54.0
22.8,28.5,19.3,80,0,6.3,10,14.8,59.0
22.8,29,19.4,81,54.36,6.3,3.3,5.4,74.0
23.8,27.2,20.6,78,9.14,6.9,3.9,9.4,74.0
21.9,28.1,20,91,55.88,5.5,4.1,7.6,91.0
23.1,27.4,20.7,85,0.51,6.3,4.3,7.6,71.0
23.3,28.4,19.4,82,45.97,6.3,3.1,5.4,77.0
24.9,28,20.6,74,0,6.9,4.3,7.6,84.0
23.7,29,21.2,84,14.48,5.5,1.1,5.4,104.0
24.6,28.8,21.3,80,48.01,6.9,3,7.6,54.0
24.8,29,21.5,80,2.03,6.6,3.1,37,76.0
22.9,27.5,20.5,87,68.07,5.3,2.4,5.4,83.0
22.1,27.6,19.8,93,34.04,3.7,1.9,9.4,114.0
22.3,25.6,19.6,85,40.39,5.3,6.5,7.6,133.0
23.7,29,20.1,67,0,6,1.3,3.5,124.0
24.4,29.8,20.4,67,0,6.3,3.1,7.6,138.0
24.8,30.6,20.4,66,0,6.3,3.1,7.6,134.0
25.2,31.3,20.8,64,0,6.3,2.4,5.4,141.0
23.7,29.6,21,68,0,7.7,2.4,5.4,120.0
23.9,28.8,20.2,68,0,6.9,2,5.4,105.0
22.2,26.7,19.4,71,0,6.9,5.6,7.6,181.0
21.7,25,19.9,78,0,6.9,5,7.6,146.0
22.9,26.6,18.8,66,0.25,6.9,3.7,7.6,186.0
23.2,27.8,19.3,66,0,6.9,3.1,7.6,183.0
21.5,25.6,19.2,87,1.52,6.9,3,5.4,91.0
22,26,18.3,80,13.46,6.9,2.2,7.6,108.0
22.5,27.2,18.6,64,0,6.3,3.9,5.4,111.0
23.6,28.2,19.3,65,0,6.3,4.1,7.6,121.0
23.5,29.1,19.4,74,0,6.9,0.9,5.4,120.0
24.4,28.7,21,74,0,6.3,2,7.6,117.0
24.1,30,20.5,71,0,6.3,2.8,5.4,131.0
24.2,29,20.7,70,0,6.3,3.5,5.4,130.0
23.8,29.6,20.2,70,0,6.3,3.9,5.4,114.0
22.8,29.2,18.5,63,0,6.3,3.1,7.6,141.0
22.6,29.7,15.9,47,0,6.3,0.7,5.4,181.0
22.6,30.8,16.8,55,0,6.8,0,-,172.0
21.2,26.6,15.5,59,0,6.3,6.7,9.4,160.0
23.4,30.6,17.6,48,0,6.3,4.1,5.4,126.0
23.3,31,16.3,42,0,5.8,2.8,11.1,128.0
22.4,30.7,16.3,49,0,6.3,3.3,7.6,141.0
20.7,28.7,14.3,48,0,6.9,7.2,9.4,179.0
20.4,28,14.2,45,0,6.3,4.6,7.6,114.0
20.9,28.5,14.3,46,0,6.3,4.1,7.6,103.0
22.7,29.1,17.1,48,0,6.3,2,5.4,133.0
21.9,29.8,16.2,44,0,6.3,2.6,7.6,137.0
21.3,29,16,53,0,6.9,4.4,11.1,151.0
21.4,29.2,15,42,0,6.9,5.2,9.4,147.0
21.9,29.6,13.2,26,0,6.9,3.1,7.6,136.0
22.6,30.4,15.9,30,0,8.5,5.4,9.4,118.0
21.7,30.1,15.8,32,0,6.9,6.3,11.1,107.0
23.3,32.3,20.2,67,0.51,6.3,3,5.4,112.0
23.3,30,19.2,54,0,6.9,2.4,5.4,123.0
24.4,30.2,19.7,61,0,6.9,1.5,5.4,124.0
23.5,30.2,18.5,49,0,6.3,5,11.1,111.0
23.3,29.9,17.9,58,0,6.9,5.6,7.6,120.0
23.4,30.7,17.4,60,0,6.3,5.7,7.6,122.0
24.3,32.1,16.8,34,0,6.3,5,9.4,116.0
22.8,32.2,17.4,39,0,6.9,7.4,18.3,107.0
24.2,31.5,17.5,31,0,6.9,5.4,11.1,134.0
24.7,31.2,17.3,34,0,7.4,6.9,11.1,91.0
25,32,17.8,34,0,6.9,3.9,5.4,98.0
25.2,32.7,18.2,28,0,6.9,5.9,11.1,98.0
25.2,33.2,18.2,26,0,6.9,5.2,7.6,114.0
25.5,32.5,18.3,25,0,6.9,4.8,7.6,122.0
25.7,33.2,17.5,21,0,6.9,2.4,5.4,120.0
25.5,34.6,16.5,29,0,7.7,7,11.1,122.0
25.4,33.5,18.5,25,0,6.9,5.7,9.4,137.0
26.2,33.3,17.8,27,0,6.9,5.9,7.6,154.0
25.8,32.5,20.1,57,0,6.9,4.1,7.6,94.0
26.5,31.6,22.4,50,0,6.9,4.8,11.1,108.0
25.8,32.1,21.6,60,0,6.9,4.6,11.1,107.0
25.6,31,19.6,39,0,7.4,2.8,48.2,118.0
26.7,33.8,19.5,37,0,6.9,2.4,5.4,149.0
27.4,33.7,21.4,44,0,6.9,2.2,3.5,141.0
27.3,33.4,21.7,43,0,7.7,3.9,7.6,159.0
27.1,34.1,20.8,34,0,6.9,3.3,7.6,156.0
27.4,34.4,21.5,42,0,6.9,3.3,5.4,140.0
25.9,34.8,21.1,60,3.3,6.3,4.1,9.4,151.0
27.6,33.2,21.2,54,0,6.9,2,7.6,134.0
24.7,33.5,20.6,72,0,6.9,2.2,5.4,131.0
26.1,33.1,19.8,55,13.72,7.4,0.7,3.5,145.0
26.7,33.5,21.6,51,0,8.5,3.1,5.4,147.0
26.4,32.6,21,47,0,6.9,5,7.6,131.0
26.2,32.7,21,49,0,6.9,5.2,7.6,107.0
27.6,33.5,21.7,51,0,6.9,5.9,11.1,99.0
28.3,34,23.1,50,0,6.9,5.2,7.6,113.0
28.2,34.6,23.9,52,0,7.7,3.9,7.6,95.0
27.9,34.8,23.9,63,1.02,6.9,2,7.6,122.0
25.5,34,22.8,63,17.02,6.9,1.1,5.4,91.0
28.2,34.8,22.2,51,0,7.4,1.1,3.5,112.0
26.6,34,22.2,63,3.81,6.9,3.1,7.6,123.0
27.2,34.4,22.8,62,0.51,6.9,4.1,5.4,117.0
28.3,34.7,22,51,0.51,9.2,2.8,9.4,130.0
26.9,35.2,21.4,64,5.59,6.3,5,11.1,105.0
26.5,33,23.3,73,0,7.7,4.8,9.4,93.0
25.9,34,20,72,0.76,6.9,3,9.4,112.0
27.8,33.5,23.4,57,0,6.9,3.9,7.6,111.0
25.9,33.5,22.8,70,0,6.9,3.7,9.4,127.0
27.2,32.8,21.8,59,0,6.9,4.1,9.4,92.0
24.9,32,21.5,74,0,7.4,1.1,37,60.0
23.8,32,21,78,17.78,6.9,1.9,5.4,152.0
24.8,31.4,20.6,63,16.51,6.3,0.9,3.5,84.0
25.9,31.2,21.4,66,-,6.9,6.1,11.1,131.0
25.2,32.4,20.5,65,8.64,6.9,2.6,9.4,94.0
24.1,32.4,21.5,77,0,6.3,3.1,11.1,87.0
23.5,32,21.4,89,33.02,6.3,4.1,7.6,145.0
25,29.8,21.1,78,3.05,5.5,2.4,5.4,47.0
26,30.8,22.2,71,0,6.9,2.2,5.4,89.0
25.6,29.7,20.9,77,10.41,7.7,6.7,9.4,74.0
24.4,30.3,21.8,83,0,6.6,3.5,5.4,89.0
23.8,31,20.9,81,1.52,5.5,3.9,7.6,91.0
23.7,29.8,20.8,83,1.78,6.9,6.5,7.6,79.0
23.9,30.1,21.7,79,0,6.9,12,14.8,68.0
23.3,29,21.2,83,0,6.3,11.9,16.5,41.0
22,25.8,20.7,86,3.81,6.6,12.8,14.8,53.0
24.1,28.3,20.8,77,4.06,6.3,11.3,14.8,79.0
23.2,27.9,21,84,4.06,6.3,7.8,11.1,85.0
23.8,29.6,20.5,77,16,6.9,6.5,9.4,168.0
23.8,28.9,20.1,74,0,6.9,12.8,14.8,75.0
23.4,29.1,20.7,78,0,6.9,12.6,14.8,46.0
23.5,28,20.9,79,0,6.9,9.1,11.1,54.0
23.5,27.8,20.1,77,0,6.9,8.3,11.1,90.0
23.1,28.1,20.2,75,0,6.9,11.9,16.5,89.0
21.9,28,20.1,86,5.08,6.9,10,14.8,85.0
24.2,29.5,20.6,75,0,6.9,9.4,14.8,50.0
24.8,29.4,20.9,68,-,6.9,10.9,14.8,45.0
24.4,30.2,20.7,68,0.51,6.9,8.1,11.1,59.0
22.9,26.3,20.5,82,0,6.9,11.3,16.5,68.0
22.4,26.4,20.3,86,0,8,6.7,9.4,71.0
22.8,26.4,20.7,85,1.02,6.9,8.7,14.8,72.0
22.2,27.4,20.5,86,0,7.7,10.9,14.8,70.0
22.4,26.5,20.3,86,4.57,6.9,8.5,11.1,71.0
23.6,27.2,20.4,74,1.78,6.9,10,13,72.0
23,28.6,21,79,0,6.9,14.8,25.9,100.0
23,27,20.4,77,0,6.9,14.6,22.2,67.0
22.7,26.9,20.3,83,0,8.5,14.8,18.3,81.0
23.3,28.2,20.2,82,1.02,6.9,9.1,14.8,69.0
23.7,28.8,20.6,79,0,6.9,8.9,11.1,76.0
23.3,27.3,20.5,76,0,6.9,10.9,16.5,92.0
23.1,28.3,20.3,81,4.83,6.9,10,22.2,88.0
23.3,28.6,20.8,76,0,6.9,8.5,16.5,85.0
21.9,27.7,19.7,84,11.43,7.4,11.1,14.8,58.0
22,25.4,20,88,3.56,5.5,8.3,13,84.0
23.4,27.6,20.2,76,8.89,6.3,9.8,18.3,77.0
21.7,24.6,19.4,85,3.3,7.4,10.2,18.3,44.0
21.9,25,19.6,88,1.02,5.5,10,22.2,50.0
22.2,25.7,20.1,87,6.35,5.5,7.6,11.1,56.0
23.3,27.4,20.7,77,0,6.3,13.1,18.3,77.0
22.8,27.3,20.2,78,0,6.9,11.7,18.3,81.0
23.3,27.4,19.7,72,0,6.9,10.6,18.3,83.0
23.7,27.8,19.8,75,41.66,6.9,8.3,11.1,82.0
22.4,28.5,20,83,0,6.3,6.3,14.8,62.0
21.9,28.3,19.5,86,8.38,6.3,6.7,11.1,78.0
23.3,28.8,20.3,78,19.81,7.4,6.9,11.1,90.0
23.7,28.3,20,73,0,6.9,6.5,11.1,92.0
23.8,28.2,20.3,71,0.25,6.6,7.8,9.4,87.0
24.7,29.3,19.7,61,0,6.9,6.5,9.4,105.0
24.4,29.2,20.3,63,0,6.9,8.7,14.8,82.0
24.3,29.1,20.1,66,0,6.9,7.8,14.8,88.0
25.7,30,20.5,59,0,6.9,5.4,9.4,86.0
25,31.6,22.3,72,0.25,6.9,1.9,3.5,93.0
24.8,30.3,20.4,69,33.02,6.3,1.5,5.4,99.0
22.7,29.1,19.5,81,13.97,6.3,5,9.4,86.0
23.5,28.4,20,71,0,6.3,5.7,9.4,95.0
23.9,28.2,18.4,64,0,6.9,4.8,7.6,96.0
-,-,-,-,-,-,-,-,88.0
23.7,30.3,19.9,79,32.26,5.5,0.4,3.5,106.0
25.1,29.2,21.3,72,1.27,6.9,3.5,5.4,109.0
25.3,29.9,21.4,69,4.32,6.9,3.7,7.6,91.0
25.5,30.9,21.6,73,0.25,6.9,5.2,7.6,95.0
24.9,30.3,21.3,71,0,6.9,4.6,5.4,73.0
24.1,30.4,21.6,75,0.25,6.9,5,7.6,77.0
24.2,28.2,20.2,70,7.87,6.9,3.3,5.4,77.0
24.1,29.5,20.8,72,0,6.3,3.1,3.5,112.0
24.3,29.5,20.6,65,4.32,6.3,1.5,5.4,107.0
25,31.5,20.4,67,0,6.3,2.4,5.4,148.0
24,30.3,21,75,1.02,6.9,3.1,3.5,137.0
23.4,29.8,20.1,82,3.81,6.9,0.4,3.5,117.0
24.4,28.7,20.2,71,1.02,7.4,3.1,3.5,77.0
23.8,29.3,19.7,58,0,6.9,3.1,3.5,90.0
23.7,29,19.7,60,0,6.3,5,7.6,117.0
23.9,30.2,18.2,58,0,5.5,5,9.4,116.0
23.8,29.3,18.7,58,0,6.6,4.6,7.6,128.0
23.4,29.5,18.2,51,0,6.9,3.7,7.6,91.0
24.8,30.1,19.7,64,0,6.3,4.6,11.1,100.0
24.3,30.4,20,65,0,6.3,3.9,5.4,61.0
22.9,30.3,19.8,78,0,6.6,5.2,5.4,50.0
22.8,27.7,20.4,81,0.51,5.5,8.1,14.8,67.0
23.3,30,18,48,0,6.9,3.9,7.6,86.0
22.2,29.6,16,60,0,6.9,3,5.4,103.0
23.4,29.2,17.5,58,0,6.3,5,7.6,79.0
22.4,30,16.2,44,0,6.9,1.3,3.5,124.0
23,30.5,14.8,44,0,6.9,0.9,3.5,121.0
23.3,31,16.5,68,0,6.9,5.4,7.6,109.0
-,-,-,-,-,-,-,-,107.0
-,-,-,-,-,-,-,-,103.0
-,-,-,-,-,-,-,-,59.0
-,-,-,-,-,-,-,-,69.0
-,-,-,-,-,-,-,-,93.0
-,-,-,-,-,-,-,-,55.0
22.6,27.6,19.2,70,0,4.8,3.1,5.4,129.0
22.2,28.8,18,66,0,5.6,3.3,5.4,141.0
20.8,29,16.3,64,0,5,5,9.4,115.0
21.8,29.5,18,62,0,6.3,4.3,9.4,98.0
21.8,28.3,15.6,56,0,6.9,4.6,7.6,72.0
21.7,28.8,18.2,67,0,6.9,3.3,7.6,76.0
22.3,29.3,18.3,70,0,6.8,3.1,5.4,92.0
22.5,28.2,17.7,72,0,6.8,4.8,7.6,130.0
23.1,29.4,17.6,62,0,5.8,5.2,11.1,127.0
21.8,28.9,17.7,59,0,6.3,7,9.4,106.0
21.6,28.5,16,67,0,6.3,3.1,11.1,117.0
22.2,27.7,17.7,63,0,6.9,2.8,7.6,103.0
22.7,28.4,18.1,65,0,6.3,3.9,5.4,109.0
23.4,29.1,18.4,62,0,6,5.7,9.4,120.0
23.8,30.2,17.7,56,0,5.5,6.1,9.4,112.0
24,31.4,19,63,0,6.3,5.4,7.6,123.0
20.3,27.6,14,42,0,7.1,4.4,9.4,150.0
19.9,28.1,12.4,45,0,6.9,4.8,7.6,128.0
20.2,27.6,13.1,41,0,6.8,4.8,7.6,130.0
20.8,28.6,14.7,55,0,6,4.3,5.4,131.0
21.3,29.3,15.2,44,0,6.3,4.6,7.6,130.0
21.3,29.6,13.2,40,0,6.3,3.5,3.5,130.0
21.5,28.8,14.3,47,0,6,3.9,7.6,136.0
20.7,30.3,14.5,53,0,6,3.9,5.4,147.0
21.2,29.3,12.3,34,0,6.9,4.8,9.4,129.0
21.8,29,14.3,39,0,6.3,3.9,5.4,121.0
21.3,30.3,13.7,39,0,6.3,5.2,11.1,89.0
21.3,28.6,14.8,44,0,6.9,4.1,5.4,104.0
23.3,30.2,17.2,54,0,6.3,4.6,9.4,83.0
23.3,30,18.8,63,0,6,4.6,9.4,93.0
23.2,30.2,19,65,0,5.5,1.5,5.4,83.0
21.7,29.4,16.4,54,0,6.3,5.9,9.4,84.0
21.4,28.2,15.7,55,0,6.3,4.8,7.6,112.0
22.4,27.8,16.3,57,0,6.3,5.2,7.6,103.0
22.9,29.6,16.6,59,0,6.9,4.8,9.4,83.0
24.4,31.1,18.3,55,0,6.9,3.3,5.4,116.0
26.4,31.8,20.4,51,0,6.3,3,5.4,110.0
23.7,32.6,20.2,73,57.91,6.3,3,9.4,129.0
23.1,29,17.3,52,0,6.8,4.3,5.4,108.0
24.6,30.4,17.2,51,0,7.7,5.7,11.1,101.0
25.2,31.6,19,56,0,6.3,4.8,7.6,112.0
26.8,34,22,56,0,6.3,4.8,7.6,130.0
25.4,32.8,20.5,53,0,6.9,5.7,7.6,113.0
25.1,32.1,18.2,42,0,6.3,7.2,11.1,107.0
26.6,34.6,17.2,25,0,6.3,5.4,11.1,123.0
26.2,35.5,20.8,46,0,5.5,4.6,7.6,142.0
26.3,34.5,21.3,51,0,6.9,5,9.4,143.0
26.3,33.8,21.3,57,0,5.3,5.4,11.1,157.0
25.9,33.5,21.7,60,0,6.9,5.9,11.1,133.0
26.1,32.1,20.5,57,0,6.3,3.9,11.1,107.0
28.4,36.4,20.1,25,0,6.9,3.3,5.4,170.0
28.3,37,21.8,33,0,6.9,3,5.4,162.0
27.4,35.9,22.5,53,0,6.9,4.1,5.4,153.0
26.6,34,19.7,32,0,6.6,4.4,9.4,150.0
27.2,33.8,19.7,29,0,6.9,4.6,7.6,141.0
27.3,34.3,20.2,27,0,6.9,6.1,11.1,140.0
27.7,34.2,21.2,45,0,6.9,4.6,11.1,130.0
27.7,35,23,46,0,6.9,4.1,5.4,127.0
27.9,34.3,22.7,40,0,6.9,3.3,7.6,145.0
28.4,35.5,22.8,41,0,6.9,2.4,5.4,147.0
28.3,35.4,21.5,33,0,6.9,5,11.1,152.0
27.9,35,22.6,32,0,7.7,4.1,5.4,173.0
28.7,35.3,22.7,44,0,6.9,2.8,5.4,147.0
28.7,35.6,22.9,38,0,6.9,3.5,5.4,154.0
28.3,36,23.6,49,0,6.9,3,5.4,152.0
29,35,22.6,43,0,6.6,2.6,3.5,158.0
29.5,35.4,24,37,0,6.9,1.9,5.4,159.0
28.4,36.4,24,50,2.03,6.9,2,3.5,179.0
28.2,35.6,22.8,52,0,6.9,2,5.4,141.0
29.4,36.6,24.6,37,0,6.9,2.8,5.4,143.0
29.5,36,24.2,34,0,6.9,4.4,11.1,133.0
29.1,36.2,24,36,0,6.9,3,3.5,143.0
27.6,35.6,21.4,58,0,6.9,2.8,5.4,145.0
26.8,33.2,22.4,62,0.25,6.3,3.1,7.6,92.0
27.4,34.2,21.6,55,0,6.3,3.1,7.6,75.0
28.8,34.8,22.8,39,0,6.9,2.4,5.4,127.0
29.6,35.6,23.5,47,0,6.9,3.1,7.6,131.0
30.4,36.6,24.4,42,0,6.9,0.4,3.5,138.0
26.3,30,21.6,65,0,6.6,5,7.6,85.0
27,31.6,22,54,0,7.7,4.1,11.1,109.0
27.1,33.4,21.4,56,0,6.9,5.4,9.4,121.0
25.5,36.2,20.8,71,0,6.9,5.9,9.4,107.0
27.9,32.6,22,55,0,7.4,4.3,66.5,70.0
26.7,35,21.7,64,0,6.9,3,11.1,86.0
27.9,35,21.8,58,0,6.9,5.2,7.6,95.0
25.6,34.8,22.2,73,7.11,6.3,3.7,7.6,104.0
-,-,-,-,-,-,-,-,97.0
-,-,-,-,-,-,-,-,117.0
-,-,-,-,-,-,-,-,130.0
-,-,-,-,-,-,-,-,107.0
26.4,34.6,22.6,73,3.05,6.3,1.9,5.4,95.0
26.1,34,22.4,72,1.02,5.8,3.9,7.6,90.0
24.8,33.5,21,74,-,6.9,3.1,5.4,79.0
27.9,33.6,23,55,0.25,6.9,3,11.1,77.0
27.8,34,23,65,0,6.9,3.5,5.4,93.0
26.5,33.3,22,68,2.03,6.3,4.4,7.6,100.0
27.5,33.2,21,67,0,6.9,3.5,5.4,98.0
26.2,33.2,22.6,75,7.62,6.3,6.5,7.6,176.0
24.8,29.4,22,76,0,6.9,11.9,18.3,80.0
25.3,30.6,22,73,0.51,6.9,8.5,14.8,86.0
26.5,31,21.2,66,0,6.9,10,14.8,99.0
26.6,31.2,21.5,62,0,6.9,8.7,14.8,108.0
25.7,32.3,22.2,65,1.27,6.9,10.6,14.8,95.0
24.6,30.6,20.7,71,0,6.3,8.5,14.8,102.0
25,29.7,21.4,73,0,6.9,6.3,11.1,113.0
24.6,29.8,21.6,71,0,7.7,4.6,7.6,100.0
24.9,30,21.6,68,5.08,6.9,8.3,14.8,100.0
25.6,29.8,21,61,0,6.9,9.1,18.3,91.0
25.5,30.5,21.5,64,0,6.9,9.8,16.5,94.0
25.4,30.8,21.4,64,0,6.9,10.2,18.3,86.0
23.8,29.5,20,74,0,6.9,10.7,14.8,82.0
25.2,31.2,21,70,0,6.9,5,7.6,87.0
24.7,30,21.3,69,1.02,6.9,8.1,11.1,75.0
24.2,30.8,21.4,78,0.25,6.6,5.6,7.6,72.0
23.6,28.4,21.6,78,1.02,6.3,5.4,9.4,80.0
23.4,28.4,20.6,78,1.27,6.9,11.1,18.3,68.0
23,27.7,20.6,83,0,6.3,9.8,18.3,75.0
23.8,29.5,21.3,80,1.02,6.9,6.9,14.8,82.0
22.6,28.5,20.6,78,11.18,6.3,8.3,11.1,91.0
24.1,27.8,20.4,72,0,6.9,9.4,14.8,91.0
24.2,29.4,19.8,69,0,6.9,7.4,14.8,81.0
24.7,29.9,20.5,65,0,6.9,8,14.8,71.0
23.6,30.4,20.5,72,0,6.3,12.2,22.2,68.0
23.8,27.4,20.6,70,0,6.9,11.7,14.8,68.0
22.8,27.4,20.7,84,0.25,6.9,7.8,11.1,71.0
23.2,28.4,20.5,81,9.14,6.9,7.4,11.1,60.0
23.5,28.4,20.2,82,11.68,6.9,3,5.4,70.0
22.8,29,20.1,86,17.53,6.9,2.4,5.4,64.0
23.2,26.8,20.8,82,16.51,6.9,5.7,11.1,68.0
23,27.6,20,78,0,6.9,7.2,14.8,59.0
23,28.3,20,77,0,6.9,7.8,14.8,60.0
23.2,27.3,20.4,78,2.29,6.9,11.9,22.2,53.0
24.1,27.5,21,73,0.25,6.9,10.2,14.8,49.0
24.2,27.6,21.2,75,0.25,6.3,5.9,9.4,69.0
24.2,29,20.6,72,1.78,6.9,5.6,7.6,60.0
25.2,29.2,21.2,68,0,6.9,5.6,7.6,83.0
23.2,28.8,20.2,82,23.62,6.9,2,7.6,53.0
23.9,28,20.2,76,1.78,6.9,3.3,7.6,59.0
23.9,28.8,21,82,0,6.3,2.4,5.4,70.0
23.5,30.3,20.6,82,2.03,6.3,5.2,7.6,71.0
24.9,29.1,18.6,68,22.1,8.9,1.1,5.4,57.0
23.5,30.4,19.2,81,7.87,6.9,3.1,7.6,80.0
24.1,29.6,21.3,76,0,6.3,0.2,1.9,71.0
23.3,29.2,20.2,80,0,6.3,3.7,7.6,76.0
24.3,30.1,19.3,71,5.59,6.3,1.3,5.4,65.0
24.9,29.8,21.5,75,0,7.7,2.8,7.6,63.0
26.7,30.6,21.6,63,0,6.9,2.4,5.4,65.0
24.7,30.7,21.6,73,0,6.3,3.7,7.6,72.0
23.4,27.6,20.2,75,8.89,7.7,3.9,7.6,57.0
23.3,27.9,21,75,0,4.8,2.8,5.4,63.0
22.2,28.6,20.6,90,7.87,6.3,0,-,79.0
21.5,26.7,19.4,86,0,6.3,5.4,11.1,60.0
22.4,27,19,79,6.1,6.9,2.8,9.4,58.0
22.3,27.8,19.4,86,3.05,6.3,4.1,5.4,66.0
22.5,25.6,19.7,82,6.86,5.8,5.7,9.4,60.0
23.8,27.8,18,74,0.25,6.9,3.3,5.4,68.0
24.2,29.4,21,73,0,6.9,2.4,5.4,72.0
24.4,29.5,20.6,67,0,6.9,2.4,5.4,69.0
24.7,30.9,18.6,66,0,6,1.9,3.5,122.0
24.4,28.4,21.8,75,3.05,6.9,3.1,5.4,104.0
24.3,29.2,21.2,74,0,6.3,0.9,3.5,88.0
22.9,28,18.5,66,0,6.9,3.5,5.4,86.0
22.3,28.8,18.8,80,0,6.9,3.7,7.6,72.0
22.7,26.8,19.4,83,2.79,6.3,2,5.4,72.0
23.6,29.4,19.8,72,0,6.9,3.1,5.4,75.0
22.3,29.8,20.2,84,10.92,6.9,3.9,5.4,70.0
22.4,27.6,20.4,79,0,6.6,2.4,5.4,94.0
22.4,28.5,18.6,73,0,6.9,4.1,7.6,49.0
21.9,27.3,16.7,71,0,7.4,4.6,5.4,50.0
21.9,28.3,20,79,0.25,6.9,4.6,9.4,68.0
21.2,24.6,20,93,1.78,5.5,3.3,5.4,64.0
21.4,24,19.7,84,6.86,5.8,5.2,7.6,68.0
21.1,24.5,19.4,79,0.51,6.3,4.1,7.6,90.0
20.3,24.5,15.8,86,0.51,5.5,1.1,5.4,125.0
20.2,24.9,17.8,87,0,4,4.3,7.6,90.0
21.5,25.6,17,70,0,6.9,4.3,5.4,91.0
22.2,28.2,17.4,69,0,6.9,4.3,5.4,105.0
21.1,28.8,18.2,85,0,5.5,5.4,7.6,90.0
21.7,26,17.6,67,2.79,6.9,3.7,7.6,81.0
20.7,26.4,18,73,0,6.3,3.3,7.6,108.0
20.9,25,16.2,75,0,6.9,2.2,5.4,122.0
21.9,27.4,18,72,0,6.3,3.3,7.6,132.0
21.6,28.6,19.8,83,0,6.3,3.9,7.6,111.0
22.3,27.2,19,73,0,6.3,3,5.4,128.0
23.4,29.6,18,66,0,6.6,2.2,5.4,124.0
22,27.2,19.2,75,0,6.9,3.3,5.4,101.0
22.2,26,19.4,77,0,5.5,2,5.4,94.0
23.4,28.4,19.4,68,0,6.9,3.5,5.4,99.0
22.2,26.2,18.8,68,0,6.3,5,7.6,88.0
22.7,28.6,18.2,61,0,6.3,3,5.4,109.0
23.1,29.8,18,60,0,6.9,1.9,3.5,129.0
22.9,27.6,17.4,53,0,8,0.6,3.5,142.0
21.9,29,16.4,51,0,6.9,4.4,5.4,151.0
21,29.5,14.4,51,0,6.9,2.8,5.4,126.0
23.3,28.6,19.2,65,0,6.9,2.4,5.4,81.0
23.3,29.8,17.7,55,0,6.3,3.7,7.6,114.0
22.6,31,17.2,47,0,6.9,3.7,7.6,114.0
22.6,31.3,15.4,33,0,6.9,3.9,5.4,118.0
23.4,31.7,15.5,37,0,7.7,1.3,3.5,110.0
23.9,32.7,15.9,45,0,7.7,2.8,5.4,129.0
25.1,33.4,19,50,0,6.9,2,5.4,135.0
23.4,32.7,18.8,55,0,6.3,4.1,7.6,144.0
22.9,30.5,17.4,54,0,6.9,4.6,5.4,111.0
23.3,29.2,17.2,43,0,6.9,3,5.4,121.0
23.7,31,18,52,0,6.6,2.2,59.4,137.0
24.4,30.8,19,53,0,6.9,3.1,3.5,135.0
23.8,31.6,18.2,55,0,6.3,3.7,9.4,117.0
24.5,31,18.6,46,0,6.9,4.1,5.4,116.0
24.7,32.2,18,44,0,6.9,2,5.4,127.0
25.2,32.3,17.6,31,0,6.3,1.3,3.5,140.0
23.8,32.6,17.6,46,0,6.9,4.1,7.6,132.0
23.7,31.5,16.5,38,0,6.3,4.8,7.6,130.0
24,32.6,16.6,38,0,6.3,3.9,7.6,111.0
25,31,18,46,0,6.3,4.3,9.4,123.0
25.4,32.5,19.4,53,0,6.3,4.3,5.4,120.0
25.2,32.4,20.4,52,0,6.3,3.5,7.6,122.0
25.5,32.8,20.2,52,0,6.3,3.1,5.4,118.0
24.5,32.3,20.4,57,0,6.3,2.2,3.5,142.0
25.8,30.6,20,51,0,6.3,1.5,3.5,164.0
26.1,33.4,22.3,60,1.02,6.3,1.3,3.5,134.0
26.4,32.3,22,58,0,6.9,1.9,3.5,120.0
26.4,33.3,21.6,57,0,6.9,2,5.4,125.0
26.4,34.4,21,42,0,7.7,1.9,3.5,110.0
26.9,33.8,20.4,37,0,6.9,1.3,3.5,115.0
26.6,34.4,20.5,42,0,6.3,4.4,7.6,109.0
27.6,35.2,20.9,34,0,6.3,1.1,3.5,117.0
25.4,35.2,22.6,64,2.03,6.9,3.5,5.4,135.0
27.4,34.1,22,45,-,6.9,2.4,5.4,113.0
26.8,34.7,21,42,0,6.9,1.1,5.4,100.0
26.9,33,20.6,42,0,6.9,3,5.4,99.0
26.4,33.8,19.6,35,0,6.3,3.3,5.4,98.0
28.8,35.4,21,29,0,6.9,2.8,7.6,95.0
28.8,36,22,36,0,6.9,3,7.6,102.0
28.5,35.8,23,41,0,7.4,3.3,5.4,122.0
25,35.6,21,66,29.97,6.9,3,5.4,72.0
26.8,32.8,21,56,0,6.9,1.9,7.6,76.0
24.9,33.7,19,69,0,6.8,2.2,9.4,89.0
27.6,34,20.5,35,0,6.9,2.8,5.4,101.0
27.3,34.8,19.6,29,0,6.9,2.8,9.4,115.0
27.7,34.6,20.8,42,0,6.9,1.3,3.5,123.0
28.2,34.4,24,48,0,6.9,2.8,5.4,101.0
28.2,34.2,22.6,43,0,6.9,3.3,5.4,111.0
28,34.2,22.3,45,0,6.9,2,5.4,92.0
25.8,30.8,22.7,65,0,4,3,7.6,98.0
26.7,32,22.6,64,0,6.9,3.3,7.6,87.0
26.7,31.6,22.4,67,0,6.9,2.2,3.5,92.0
28.7,32.8,23,54,0,7.4,2.2,5.4,104.0
27.7,33.6,23.7,61,0,6.3,1.1,3.5,81.0
26.9,33.6,23.1,66,0.25,6.3,2,5.4,130.0
27.9,33.8,22.4,57,0,6.9,0.4,3.5,84.0
28.7,33.8,23.7,54,0,6.3,2.2,5.4,97.0
29,34.9,24,50,0,6.9,1.9,5.4,87.0
26.7,31.6,22.6,64,0,6.3,8.1,9.4,130.0
27.8,32.6,21.8,54,0,8.9,6.3,11.1,97.0
26.4,33.2,22,60,0,6.9,4.1,5.4,103.0
26.7,34.4,22,68,35.31,6.3,3.1,7.6,87.0
25.6,33.4,21.6,76,0,6.9,2.2,5.4,92.0
24.1,32.9,20.9,82,30.99,5.5,3,5.4,88.0
26.3,32,22.4,71,0.25,5.8,2.2,5.4,93.0
25.9,32.8,22.4,71,0,5.5,4.6,9.4,63.0
24.4,32,21.8,75,0,6.9,4.1,7.6,62.0
24.7,28.8,21.2,73,0,6.9,6.7,9.4,60.0
24.5,30.4,20.8,72,20.32,5.5,6.3,9.4,78.0
26.2,31.8,21.2,65,0,6.9,4.8,9.4,85.0
25.4,32.5,21.6,70,0,6.9,5.2,7.6,93.0
23.3,27,20,83,0,6.3,9.4,11.1,80.0
23.9,28.4,21,77,1.78,6.3,7.2,11.1,75.0
25,28.9,21.2,72,0,6.9,10.2,14.8,102.0
24.7,28.8,20.7,73,0,6.9,11.3,18.3,92.0
25.2,29.6,21.2,70,0,6.9,8.3,11.1,89.0
23.8,30.3,21.1,77,0,6.9,7.2,9.4,79.0
23.7,31.4,20.6,83,22.1,6.3,5.2,7.6,76.0
24.2,30.4,20.4,79,39.62,7.7,3.7,9.4,72.0
24.4,29.2,21,78,0,6.9,6.3,9.4,82.0
24.7,29.4,21.2,74,0,6.9,8.3,11.1,80.0
22.4,28.4,21,88,10.92,4.8,8.3,14.8,75.0
22.6,27.6,20.2,84,6.1,5.5,8.7,14.8,62.0
23.4,27.6,20.8,80,0,4.8,7.4,81.3,69.0
22.9,28.6,20.6,86,7.37,6.3,6.9,11.1,67.0
23.7,29.4,20.2,83,24.38,6.3,5.9,11.1,68.0
24.3,29.3,21.5,76,0,6.6,5.4,7.6,73.0
23.8,29.4,21.4,78,0,4.8,7.6,14.8,68.0
22.4,26.2,21,89,0,4.8,6.7,7.6,65.0
24.4,29,21,84,0.76,5.5,2.8,3.5,67.0
23.4,29.6,20,87,11.18,6.8,7.2,22.2,71.0
24.5,29.6,19,77,24.13,6.9,2,5.4,60.0
23.7,28.4,20.5,77,0,6.9,4.8,11.1,74.0
23.6,29.4,20.4,77,4.06,7.7,6.3,11.1,63.0
24.1,28.4,20.4,77,0,6.9,4.8,11.1,71.0
23.9,28.6,21.4,80,4.06,6.9,3.3,5.4,67.0
23,29.6,20.4,85,2.03,6.3,5.2,11.1,168.0
22.8,28,20.4,82,3.3,6.9,13.5,22.2,55.0
22.9,27.8,20.4,85,2.54,6.3,5.7,9.4,69.0
23.4,27.8,21.4,82,1.27,6.3,7.6,11.1,72.0
22.4,27.2,20.4,87,0,5.5,7,18.3,71.0
21.8,27.4,20.2,89,2.29,5.5,7.4,14.8,63.0
23.7,27.2,20.6,73,0,7.7,6.3,11.1,81.0
22.7,28,20.2,82,0,6.9,5.2,7.6,83.0
22.4,25.6,20.4,81,0,6.9,7.2,9.4,73.0
23.1,26.4,20.4,79,0,6.3,4.8,7.6,79.0
22.8,26.8,20.6,83,0,6.9,4.8,9.4,78.0
24.1,26.8,21,77,0,6.6,7.6,33.5,81.0
25,29.6,20.5,70,0,6.9,2,7.6,71.0
25.6,30.2,22,66,0,6.3,1.9,3.5,90.0
24.2,30,21.2,69,0,7.7,3.3,5.4,59.0
24.4,31.7,19.4,77,23.11,6.9,0.9,3.5,108.0
24,29.8,20,80,18.8,8.5,2,9.4,183.0
22.9,28.4,20.6,89,2.03,6.3,1.9,5.4,188.0
23.8,28,20.5,83,29.72,6.9,0.4,3.5,70.0
24.4,30.5,20.5,74,0,6.9,4.1,7.6,64.0
24.4,29.8,21.2,76,2.03,6.3,3.3,9.4,57.0
23.9,30.2,20.4,84,60.96,6.9,3.1,5.4,74.0
21.6,25.5,19.7,87,17.53,4.8,6.3,11.1,61.0
22.5,25.6,20.4,84,1.02,5.8,5.2,9.4,58.0
22.8,26.5,20.2,79,0,6.9,6.7,11.1,66.0
22.1,28.4,20.4,85,0,6.3,6.9,9.4,58.0
20.4,25.8,19.6,93,20.83,4,8,9.4,53.0
22.1,26,19,83,11.43,4.8,9.3,14.8,56.0
24.3,28.4,20.9,76,0.51,6.9,4.1,5.4,71.0
22.8,29.6,20.6,80,3.05,5.5,4.8,7.6,68.0
23.3,26,20.5,77,0,6.9,2.2,5.4,59.0
23.5,26.6,19.5,76,0,6.9,3,5.4,73.0
24.7,28.4,21,72,0,6.3,3.1,7.6,69.0
23.5,29.6,20.8,79,0.51,5.5,4.3,7.6,71.0
25,31.3,21.9,72,0,8.5,2.4,5.4,84.0
25.7,30.4,21.2,66,0,7.7,1.3,3.5,89.0
23.7,31.2,19.8,82,0,6.3,2.8,5.4,92.0
21.2,25.4,20,88,5.08,4.8,5.7,9.4,67.0
21.5,24.6,19.8,82,0.51,6.3,7.8,9.4,66.0
22.5,26.2,19.2,76,0,7.7,7.8,22.2,68.0
23.3,28,21,85,1.78,4.8,2,9.4,128.0
22.9,26.6,20.8,86,3.81,7.4,3.9,5.4,81.0
22.7,26.2,20.4,87,67.06,6.9,2.2,3.5,155.0
23.5,27.2,20.2,76,0,6.9,0.9,3.5,98.0
23.6,29.4,19.4,67,7.87,6.9,0.4,3.5,83.0
23.7,30,19,66,0,7.6,0.9,3.5,107.0
24.1,28.8,18.5,63,-,6.3,0.9,3.5,129.0
24.8,30.4,19,63,0,6.9,0,-,119.0
24.3,31.5,20.4,70,0.25,6.9,1.3,3.5,138.0
24.7,29,19.8,66,0,6.9,1.9,3.5,115.0
23.4,29.2,20.2,77,0,6.9,3.5,5.4,66.0
23.4,30.2,20.8,76,0,6.9,4.1,7.6,73.0
22.7,27.8,18.4,69,0,7.7,3,5.4,91.0
22.1,28,20.4,87,0,5.5,2.8,5.4,74.0
22.8,27.4,20,75,8.89,6.9,5.6,7.6,69.0
21.6,28.2,19.1,90,0,5.5,4.3,5.4,73.0
22.9,28.3,20,76,0,6.9,6.5,7.6,79.0
22.2,28.1,18.6,69,0,6.9,5.9,7.6,72.0
21.9,28.8,17,50,0,6.9,3,5.4,69.0
21.1,26.6,18.4,81,-,6.9,8,11.1,67.0
19.4,23.8,18.4,96,2.03,4,5.9,14.8,59.0
19.7,22.6,17.8,85,13.21,5.5,5.7,9.4,58.0
21.1,27,17,60,0,6.9,4.8,7.6,87.0
20.8,26.6,16.7,77,0,6.9,4.3,7.6,91.0
19.9,26.4,18,89,2.29,4,4.3,7.6,153.0
21.7,25.2,19.4,84,7.62,5.5,5.6,9.4,64.0
21.3,26.2,19.5,91,5.59,5.5,2.8,5.4,62.0
21.7,25,19.4,84,0.76,6.9,4.4,5.4,64.0
21.2,28,17,70,0,6.9,0,-,93.0
20.8,27.5,17.2,69,0,6.9,2.2,3.5,100.0
21.3,27.8,16.4,66,0,6.9,3,5.4,100.0
20.4,28,17.2,73,0,6.3,3.3,7.6,101.0
20.3,25.6,17,73,0,6.3,2.2,7.6,107.0
19.7,25.7,14.5,66,0,6.9,0.9,3.5,106.0
21.2,28.2,17.4,65,0,6.9,1.1,5.4,137.0
21.2,29,16,61,0,6.9,2.8,5.4,128.0
21.4,28.4,15.2,61,0,6.9,1.5,5.4,136.0
21.1,29.6,18.8,80,0,6.3,5,9.4,102.0